entity_id	valid	rejected	polled	electors	NPP	SJB	IND16	SLPP	IND9	SLCP	IND4	IND13	IND12	JPF	IND11	IND5	APP	DUNF	NSSP	SBP	IND1	SPF	RJA	IND10	IND2	USP	JSP	DUA	IND14	SLSP	AJP	SEP	NIF	IND15	NDF	IND6	UNFF	IND7	ELPP	IND8	NSU	SLLP	__OTHER
EC-01	1334390	31796	1366186	1765351	629963	342108	281436	30432	3168	26356	1477	1691	2044	1554	942	912	415	1483	737	1099	690	1018	775	320	449	388	891	396	236	306	496	388	272	444	196	212	292	179	261	119	105	140	0
EC-01A	69243	2276	71519	97620	17978	32289	15692	954	585	442	183	96	109	97	107	43	27	27	47	37	53	29	56	48	31	22	22	48	28	16	14	33	22	21	13	9	15	13	14	16	5	2	0
EC-01B	88982	2522	91504	118986	20220	46063	19397	1123	295	367	237	106	126	97	146	56	36	29	98	39	48	32	49	38	31	42	32	61	32	18	21	31	18	12	6	11	18	7	14	14	6	6	0
EC-01C	45486	1078	46564	62623	17290	15497	10188	1101	60	659	77	71	71	41	44	23	7	32	23	31	18	14	29	14	15	13	33	16	7	4	15	14	6	11	3	6	13	8	18	1	4	9	0
EC-01D	47513	1215	48728	67112	18523	13637	12566	825	519	706	51	55	90	41	37	24	9	16	26	34	25	26	28	8	15	28	36	16	13	5	24	26	9	17	5	7	10	8	26	11	6	5	0
EC-01E	27558	731	28289	42048	7778	9697	8382	348	783	233	31	17	35	16	19	13	3	11	13	8	13	24	10	9	9	6	12	9	4	5	8	9	3	3	3	5	9	2	10	7	9	2	0
EC-01F	46342	1172	47514	66062	19338	12505	11565	1163	375	753	32	42	81	23	23	22	6	46	24	25	78	46	25	7	13	9	17	12	5	11	12	11	11	19	3	2	7	8	8	7	4	4	0
EC-01G	49927	1274	51201	70250	23282	12212	11091	1422	174	924	44	49	106	46	36	27	13	45	29	46	17	84	26	12	21	14	27	16	6	14	15	20	18	23	12	10	15	9	9	2	4	7	0
EC-01H	108242	2431	110673	142482	49239	33127	20069	2350	58	1730	154	157	142	101	87	76	43	87	58	77	42	82	62	28	30	23	59	59	17	34	23	32	31	37	26	24	16	10	13	8	11	20	0
EC-01I	54258	1360	55618	75810	25123	11979	13725	1239	18	1312	29	68	124	72	29	33	14	70	25	52	27	47	30	4	14	14	45	12	7	7	29	11	12	24	7	5	18	9	10	6	1	7	0
EC-01J	150692	3097	153789	198793	84299	26538	30670	3095	24	3771	83	253	224	174	73	111	46	239	59	107	72	119	84	24	28	35	140	25	16	45	68	33	24	53	15	24	40	14	33	7	14	13	0
EC-01K	102604	2385	104989	129439	47219	28767	19669	2929	39	1818	216	188	156	146	87	126	78	164	83	95	77	89	84	37	61	50	75	28	39	29	44	32	36	18	21	19	21	13	14	8	10	19	0
EC-01L	161728	3689	165417	207235	91770	29912	29348	3979	27	4304	109	199	190	159	84	133	50	276	78	154	73	121	93	25	54	54	120	35	17	31	66	40	18	51	26	28	21	30	25	7	9	12	0
EC-01M	105675	2380	108055	140699	58692	17174	22782	2424	14	3020	37	112	169	229	40	56	11	141	43	88	31	109	49	11	32	23	77	13	12	24	53	32	11	54	12	14	33	9	23	6	7	8	0
EC-01N	147160	3181	150341	190053	83049	24312	29622	4076	29	4053	82	147	215	142	56	91	37	176	60	171	54	86	84	23	48	29	101	19	14	40	69	33	33	45	27	24	32	25	22	10	7	17	0
EC-01O	94790	1946	96736	120503	45299	24319	19025	2843	105	1712	101	119	143	97	71	76	34	73	54	103	52	64	61	32	44	22	67	26	17	22	20	26	17	40	14	22	19	14	19	7	4	7	0
EC-01P	34190	1059	35249	35636	20864	4080	7645	561	63	552	11	12	63	73	3	2	1	51	17	32	10	46	5	0	3	4	28	1	2	1	15	5	3	16	3	2	5	0	3	2	4	2	0
EC-02	1458389	29381	1487770	1881129	809410	349550	216028	41193	731	17143	1669	2853	1940	1391	1128	1232	704	1857	699	1397	807	1145	1073	391	562	409	865	449	270	419	392	325	293	360	262	270	280	254	211	154	136	137	0
EC-02A	102774	2526	105300	138957	47505	32391	18094	1719	235	1116	145	212	140	86	108	71	45	61	60	73	65	102	74	34	44	29	56	45	20	18	24	32	27	23	17	18	17	15	7	23	7	16	0
EC-02B	82306	1690	83996	115968	45206	24484	9284	1112	192	429	195	214	92	56	112	90	50	50	35	49	50	82	92	28	36	30	23	35	14	34	15	24	25	37	21	15	23	22	13	11	13	13	0
EC-02C	126599	2412	129011	167689	69944	33262	15984	4030	66	1144	171	253	147	107	124	138	81	146	47	126	67	72	90	38	59	44	56	38	48	45	31	18	27	27	24	30	20	31	20	12	17	15	0
EC-02D	94127	1763	95890	118718	46362	28540	11013	5485	19	978	129	199	121	110	78	91	75	140	40	125	62	55	69	23	51	32	47	39	32	26	16	15	14	18	24	15	22	23	12	10	8	9	0
EC-02E	105288	2072	107360	132932	56245	28642	14455	2975	19	951	135	215	140	133	94	116	70	168	55	124	69	75	77	43	53	35	78	28	25	28	24	18	18	24	17	32	26	16	14	35	10	6	0
EC-02F	118228	2222	120450	149482	66829	28968	16480	2761	18	1150	138	234	172	130	91	107	78	161	64	86	67	86	98	40	46	35	79	41	14	27	25	18	25	33	19	24	24	13	21	3	13	10	0
EC-02G	114974	2159	117133	145602	63916	28714	16223	2840	21	1188	144	247	137	133	73	115	60	167	71	116	67	86	77	27	51	30	79	44	28	44	40	27	24	26	32	32	22	23	25	6	8	11	0
EC-02H	126790	2286	129076	163087	78778	22130	18138	3709	19	1909	84	267	171	117	93	92	47	182	51	141	67	115	93	25	51	34	109	32	13	25	52	42	29	29	29	15	31	23	25	4	13	6	0
EC-02I	121990	2384	124374	163461	71351	27567	16907	2917	44	1550	95	219	161	100	77	73	36	122	51	97	42	78	89	21	34	29	55	21	10	21	28	30	20	30	7	18	26	15	21	9	8	11	0
EC-02J	131741	2571	134312	169884	76417	26979	20818	3548	11	1886	122	226	183	128	81	82	52	203	55	118	74	123	102	33	31	27	89	36	16	37	35	33	20	38	17	19	32	19	15	8	15	13	0
EC-02K	102669	2226	104895	127767	55130	24009	16750	3595	21	1335	134	212	127	86	85	105	58	142	61	113	71	56	80	36	44	30	61	39	22	44	29	15	27	24	27	28	11	24	12	9	7	10	0
EC-02L	109045	1947	110992	138720	61452	20439	20314	3212	24	1906	86	226	112	93	63	90	23	184	57	92	49	94	73	26	32	31	54	28	17	40	35	30	17	23	18	22	15	19	16	14	9	10	0
EC-02M	71269	1707	72976	96376	37049	17042	12452	2347	33	1160	74	106	173	72	41	57	25	74	44	78	36	58	47	15	21	19	54	22	11	24	27	18	15	22	7	2	8	11	6	7	6	6	0
EC-02P	50589	1416	52005	52486	33226	6383	9116	943	9	441	17	23	64	40	8	5	4	57	8	59	21	63	12	2	9	4	25	1	0	6	11	5	5	6	3	0	3	0	4	3	2	1	0
EC-03	817518	16243	833761	1024244	387764	236307	143285	22727	215	10261	1730	1521	1317	938	773	960	611	925	561	789	652	1013	582	395	459	377	434	299	318	258	241	217	230	249	223	216	176	154	124	62	80	75	0
EC-03A	97478	2056	99534	125088	48586	25032	17641	2666	15	1891	118	161	145	91	89	69	31	104	46	78	61	104	51	24	43	47	63	32	28	21	30	24	22	60	16	22	25	14	11	2	8	7	0
EC-03B	124017	2403	126420	154272	60752	33363	21996	3573	26	1876	193	254	160	125	114	133	73	188	91	123	84	145	99	42	61	46	79	34	39	42	40	39	32	32	38	26	19	25	15	9	16	15	0
EC-03C	111516	2437	113953	140590	54322	27090	23064	3024	30	1786	188	177	187	142	102	135	83	170	89	106	92	80	74	50	49	44	68	37	31	33	40	20	37	32	26	32	17	19	17	5	10	8	0
EC-03D	69098	1734	70832	86639	28025	23773	11903	2693	26	729	210	150	149	102	98	124	80	76	50	96	78	93	56	60	59	59	40	46	59	23	26	41	24	16	30	18	29	15	19	7	6	10	0
EC-03E	93120	1792	94912	117866	43598	27738	16046	2580	43	890	288	201	168	126	87	135	103	84	85	105	83	118	80	61	65	45	37	38	41	33	35	30	26	26	29	28	18	16	13	7	6	8	0
EC-03F	99798	1859	101657	127561	52607	25006	17078	1997	19	1293	151	176	136	83	75	108	47	115	62	58	85	198	67	29	46	28	56	20	23	37	16	12	36	26	21	21	19	20	6	5	11	5	0
EC-03G	102804	1751	104555	130456	44146	39007	14583	2414	28	510	312	179	161	123	105	132	68	77	58	80	60	118	73	47	64	48	28	52	40	27	23	18	26	23	34	41	26	18	15	14	13	13	0
EC-03H	83728	1448	85176	104424	34139	29833	13518	3117	24	896	252	194	158	109	97	117	124	81	67	113	91	114	72	79	67	57	51	35	56	35	24	28	21	20	28	27	16	25	18	10	8	7	0
EC-03P	35959	763	36722	37348	21589	5465	7456	663	4	390	18	29	53	37	6	7	2	30	13	30	18	43	10	3	5	3	12	5	1	7	7	5	6	14	1	1	7	2	10	3	2	2	0
EC-04	933516	24153	957669	1191399	394534	323998	162707	19403	433	9098	3278	2365	1584	1668	1074	1010	754	1176	999	699	837	546	715	764	731	594	497	487	384	319	432	354	337	265	233	275	232	162	160	161	140	111	0
EC-04A	42603	895	43498	54236	18232	15568	5982	1224	9	386	125	165	77	101	50	52	47	66	38	38	39	11	48	35	35	29	28	24	29	16	15	13	19	15	13	19	21	4	8	7	6	9	0
EC-04B	134611	3067	137678	173626	59456	50539	17182	2732	31	1167	467	438	201	246	181	186	120	187	102	108	106	106	110	99	115	86	75	73	53	46	48	41	38	46	36	47	27	19	19	24	29	25	0
EC-04C	71337	1796	73133	93042	26788	29760	10539	1367	32	589	396	159	125	201	103	87	73	163	101	62	70	33	59	82	62	54	34	62	66	21	22	38	39	24	18	24	15	14	16	18	15	6	0
EC-04D	50022	981	51003	61289	17226	22336	6280	2386	16	200	269	161	104	114	73	62	71	43	79	64	79	24	44	62	36	39	8	29	25	19	28	8	27	11	20	16	21	7	9	6	9	11	0
EC-04E	39930	1301	41231	50662	14817	15332	7192	795	13	427	251	133	87	88	58	59	30	36	80	24	55	8	40	50	48	36	21	40	22	16	36	14	17	15	18	23	11	11	6	8	7	6	0
EC-04F	82768	2100	84868	106339	38452	27999	11628	1933	45	914	224	179	127	133	87	66	70	138	60	65	77	47	51	45	44	32	45	32	17	26	35	27	25	21	13	15	28	14	8	26	8	12	0
EC-04G	57514	1704	59218	74173	19457	23658	10729	1469	50	406	292	172	94	128	86	70	53	72	87	64	68	18	50	72	67	43	32	37	30	18	23	21	42	13	14	20	13	12	12	6	11	5	0
EC-04H	64635	1694	66329	87760	30655	17851	13139	1018	37	849	97	107	100	81	40	54	23	67	47	38	41	18	32	31	22	30	42	20	10	25	28	16	9	25	13	9	12	11	21	8	3	6	0
EC-04I	30109	534	30643	41303	13336	9083	6361	380	53	416	46	37	45	30	32	12	10	26	19	15	14	18	15	6	11	11	15	9	5	8	25	11	9	9	4	3	8	5	7	3	8	4	0
EC-04J	67192	1550	68742	85893	32909	19374	11196	1409	12	927	120	161	118	74	63	70	47	72	50	41	57	34	47	30	49	36	57	19	23	18	32	23	19	10	12	16	18	12	16	9	9	3	0
EC-04K	70827	1573	72400	89918	33232	23326	10383	1367	17	845	199	207	115	122	79	85	59	70	58	47	47	65	58	42	61	42	37	34	23	29	31	25	21	12	14	12	14	17	6	11	10	5	0
EC-04L	87198	2750	89948	113385	28750	31503	21991	1652	49	859	389	206	175	163	99	84	62	63	132	46	91	85	80	76	89	73	39	56	48	29	54	50	29	25	32	31	13	22	12	20	12	9	0
EC-04M	81070	2714	83784	103976	28929	28535	19470	969	59	687	373	208	166	161	111	119	85	93	131	43	76	31	72	127	84	78	40	48	31	38	44	64	39	22	21	30	24	13	13	15	12	9	0
EC-04P	53700	1494	55194	55797	32295	9134	10635	702	10	426	30	32	50	26	12	4	4	80	15	44	17	48	9	7	8	5	24	4	2	10	11	3	4	17	5	10	7	1	7	0	1	1	0
EC-05	339734	7921	347655	429991	140544	121803	53829	10327	203	2835	1365	1225	637	868	479	444	418	418	397	313	412	180	317	331	293	290	198	181	183	139	110	128	138	94	117	111	85	95	63	58	53	53	0
EC-05A	113904	2104	116008	143731	53299	36684	16285	3263	30	951	406	501	185	263	175	167	153	176	119	101	122	60	104	100	99	67	58	54	56	65	33	46	50	33	36	38	31	32	19	12	17	14	0
EC-05B	59939	1338	61277	73955	20838	24828	9022	2756	23	429	318	228	138	183	94	79	99	45	80	68	83	16	55	74	65	56	30	34	41	24	30	18	31	19	25	27	21	22	9	12	10	9	0
EC-05C	68857	1813	70670	90943	27693	25117	11712	1691	96	690	223	231	129	154	88	77	62	92	78	54	82	29	56	58	50	51	34	31	28	26	21	32	20	18	18	27	11	17	14	20	13	14	0
EC-05D	76106	2182	78288	99695	26528	31358	12567	2245	51	637	403	238	164	256	119	118	103	89	110	73	116	69	94	98	79	112	72	62	58	23	24	32	34	18	35	18	19	24	20	14	12	14	0
EC-05P	20928	484	21412	21667	12186	3816	4243	372	3	128	15	27	21	12	3	3	1	16	10	17	9	6	8	1	0	4	4	0	0	1	2	0	3	6	3	1	3	0	1	0	1	2	0
EC-06	473935	14643	488578	605292	105057	201814	138619	8821	793	2003	3614	828	1059	904	765	537	579	352	1102	369	651	246	398	786	616	616	240	333	431	185	278	363	216	155	106	292	144	111	106	228	92	126	0
EC-06A	260273	8311	268584	340077	38416	117232	91005	2689	603	869	2190	375	592	566	473	224	326	118	733	159	332	108	163	490	352	373	132	187	274	83	189	239	123	89	53	101	68	34	48	154	43	68	0
EC-06B	67115	1809	68924	85188	17727	27043	18250	1458	60	431	440	129	141	107	97	89	61	68	131	49	98	11	58	83	94	74	34	44	56	24	31	34	28	33	10	25	22	13	16	25	7	14	0
EC-06C	59165	1670	60835	73426	22894	23309	9137	1358	32	350	371	161	146	111	74	118	101	52	103	54	106	23	49	93	54	88	36	46	53	23	26	27	35	16	15	28	20	18	10	9	7	12	0
EC-06D	68407	2317	70724	86874	17074	29896	15140	3008	85	280	566	149	167	109	120	103	81	97	130	96	109	80	125	118	111	80	34	54	47	52	30	61	26	17	27	137	33	45	30	24	34	32	0
EC-06P	18975	536	19511	19727	8946	4334	5087	308	13	73	47	14	13	11	1	3	10	17	5	11	6	24	3	2	5	1	4	2	1	3	2	2	4	0	1	1	1	1	2	16	1	0	0
EC-07	712820	12541	725361	903163	366721	189555	107336	24382	165	8263	1465	1788	1105	912	692	935	721	698	587	866	608	1086	673	342	473	392	334	275	259	261	239	178	181	175	213	194	176	183	133	87	85	82	0
EC-07A	40821	723	41544	54973	20096	12339	5345	1689	5	403	96	96	53	69	44	43	47	31	22	71	26	38	51	30	19	17	17	16	11	17	24	26	6	13	7	10	17	12	5	6	1	3	0
EC-07B	62314	1169	63483	79794	33026	17453	7428	2245	18	699	111	154	96	96	59	82	45	63	53	95	41	121	68	23	49	37	36	24	28	29	20	8	13	18	15	12	15	16	8	5	2	3	0
EC-07C	59563	807	60370	77636	32895	15110	7032	2310	12	537	124	207	85	89	76	87	65	70	59	66	65	198	80	35	46	30	31	19	21	33	20	19	13	16	26	16	10	15	13	7	12	14	0
EC-07D	72137	1265	73402	92167	35612	19733	11595	2571	21	822	159	193	120	97	80	112	86	87	62	71	64	143	68	34	54	46	29	29	18	27	17	16	26	13	22	26	21	21	17	8	7	10	0
EC-07E	82256	1442	83698	103104	35677	25388	14741	3013	28	876	263	263	176	147	92	167	161	81	114	82	92	91	96	80	67	80	40	53	52	32	39	22	31	21	33	40	20	31	28	14	12	13	0
EC-07F	79931	1591	81522	100243	37301	23442	12963	3204	25	820	254	245	140	109	85	137	103	93	69	104	99	110	63	56	65	51	33	39	42	28	34	19	26	20	34	25	29	26	11	8	9	10	0
EC-07G	60755	1116	61871	80860	30323	17157	8004	3236	14	623	130	141	89	66	63	81	47	65	45	115	37	88	57	19	39	34	27	19	23	27	13	26	16	13	23	19	25	16	13	7	10	5	0
EC-07H	65220	1001	66221	83799	34839	17935	9478	1220	7	718	102	124	85	65	58	50	18	47	35	40	28	46	50	17	21	19	30	24	10	17	21	13	14	18	10	12	10	16	4	9	6	4	0
EC-07I	82005	1355	83360	103687	45632	18731	12922	1990	16	1198	100	170	104	84	69	87	77	68	51	75	74	93	69	23	60	31	38	28	23	24	22	10	15	16	16	14	13	12	17	12	10	11	0
EC-07J	67678	1145	68823	85463	35428	16929	10602	2041	16	1192	113	169	100	62	60	85	68	59	64	79	58	101	60	22	48	38	34	20	30	21	24	18	19	15	20	16	12	17	9	10	11	8	0
EC-07P	40140	927	41067	41437	25892	5338	7226	863	3	375	13	26	57	28	6	4	4	34	13	68	24	57	11	3	5	9	19	4	1	6	5	1	2	12	7	4	4	1	8	1	5	1	0
EC-08	548329	9687	558016	686175	287662	147462	79249	14962	115	7316	1094	1379	791	652	501	845	470	391	399	579	376	362	535	322	354	284	309	200	212	220	139	149	123	119	141	151	117	113	78	50	51	57	0
EC-08A	81968	1921	83889	104770	36007	24580	14479	3098	27	1007	343	279	176	161	123	180	130	51	107	84	115	81	132	120	106	96	45	52	49	43	25	40	29	23	29	34	27	24	19	10	15	22	0
EC-08B	75650	1370	77020	95213	35101	21442	13273	2608	29	1058	207	231	136	129	93	145	97	54	82	101	90	61	86	64	76	52	50	42	45	35	32	26	20	20	46	29	20	25	17	7	13	8	0
EC-08C	79125	1281	80406	98112	41067	21265	12154	1678	13	1344	163	198	105	57	57	154	67	61	69	69	58	27	75	40	44	35	42	31	36	35	27	36	16	12	15	21	10	20	6	8	3	7	0
EC-08D	65880	1164	67044	82533	35076	18548	8265	1802	6	910	104	191	77	72	51	109	56	58	37	75	29	42	64	28	33	28	38	13	21	28	4	10	9	18	9	17	13	17	6	7	6	3	0
EC-08E	63462	968	64430	81870	34690	19516	5701	1775	11	671	81	134	78	76	65	67	45	39	28	74	24	35	70	22	27	25	36	16	23	25	8	8	18	10	15	14	11	5	6	4	5	4	0
EC-08F	73791	1111	74902	92643	43827	16822	9661	1489	14	1003	51	139	78	58	40	61	21	51	35	60	21	42	37	15	23	19	56	11	9	25	17	14	7	17	7	13	15	8	11	6	5	3	0
EC-08G	78549	1279	79828	100152	42182	21248	10628	1969	14	1064	135	189	116	80	71	126	52	56	35	75	33	36	60	30	44	27	32	30	29	26	21	12	21	8	18	22	19	12	11	8	2	8	0
EC-08P	29904	593	30497	30882	19712	4041	5088	543	1	259	10	18	25	19	1	3	2	21	6	41	6	38	11	3	1	2	10	5	0	3	5	3	3	11	2	1	2	2	2	0	2	2	0
EC-09	427062	6443	433505	520940	221913	131503	33217	26707	103	2978	826	1792	563	803	497	665	442	385	271	732	203	367	482	314	242	242	230	173	192	201	100	72	72	97	167	114	98	98	69	44	31	57	0
EC-09A	86526	1414	87940	106421	41086	26614	9192	6250	22	841	229	342	140	223	96	182	116	74	65	134	52	88	103	90	64	75	38	43	51	48	22	22	19	19	55	28	23	23	18	16	8	15	0
EC-09B	64239	959	65198	79751	34321	16820	5460	5385	13	700	99	271	88	96	70	88	65	49	38	129	20	73	72	38	30	26	36	26	26	23	27	9	13	22	21	19	11	17	18	7	4	9	0
EC-09C	106537	1584	108121	130755	59117	28857	9056	5964	25	863	203	483	139	179	97	183	107	94	82	177	46	81	144	76	60	70	59	41	50	48	19	16	23	29	33	30	27	22	13	5	8	11	0
EC-09D	148211	2037	150248	181846	72907	55815	7007	8289	38	469	282	676	183	274	232	210	152	155	79	239	76	94	159	109	84	66	93	61	65	81	31	25	16	23	56	35	34	34	19	14	11	18	0
EC-09P	21549	449	21998	22167	14482	3397	2502	819	5	105	13	20	13	31	2	2	2	13	7	53	9	31	4	1	4	5	4	2	0	1	1	0	1	4	2	2	3	2	1	2	0	4	0
EC-10	371688	25353	397041	593187	27086	121177	84558	800	116688	495	6074	508	901	1019	712	629	816	215	684	330	782	617	329	1178	540	817	331	463	346	600	201	392	363	261	405	239	195	172	170	226	221	148	0
EC-10A	16174	1028	17202	24860	593	3687	5155	31	5726	9	259	24	37	39	16	23	31	6	47	16	32	16	18	67	27	34	15	19	21	24	9	90	15	9	15	14	9	7	6	9	7	12	0
EC-10B	31589	2437	34026	52092	1887	8749	7367	80	11170	62	600	52	97	122	58	60	91	24	79	29	106	43	35	131	80	123	42	61	39	67	26	48	39	27	47	17	20	17	25	26	25	18	0
EC-10C	27593	2144	29737	45989	1935	8708	6587	66	8365	83	553	52	63	90	57	62	75	18	50	31	79	33	24	102	55	83	40	36	31	44	21	22	39	23	40	26	13	24	15	15	22	11	0
EC-10D	37330	2644	39974	60144	2886	11609	8871	84	11587	113	629	62	77	117	55	71	70	26	86	34	91	49	55	119	60	80	32	51	38	68	19	37	37	29	50	24	16	10	19	21	33	15	0
EC-10E	37287	2817	40104	62449	2541	12639	7654	81	11410	47	867	40	99	126	88	93	93	24	63	46	97	304	32	156	62	109	44	62	53	78	23	42	41	42	50	36	31	13	23	32	28	18	0
EC-10F	22583	1586	24169	41255	1670	5996	5259	36	8467	10	295	32	62	56	44	35	33	15	43	19	43	24	14	68	25	48	21	28	18	37	15	9	28	11	31	20	15	16	6	10	14	10	0
EC-10G	22988	1548	24536	39681	1806	6100	5162	47	8658	21	338	37	57	39	26	36	55	14	33	19	43	13	23	81	40	36	29	35	15	50	12	11	25	17	18	17	13	16	8	12	14	12	0
EC-10H	31186	2263	33449	55829	2692	10956	6160	75	9159	30	624	73	89	115	70	72	116	22	68	35	82	40	27	101	48	106	30	42	27	43	25	20	37	27	45	23	19	21	17	24	16	10	0
EC-10I	31526	1860	33386	50853	3835	7464	8804	76	10097	29	276	42	60	46	46	49	44	16	53	22	46	33	27	67	37	36	17	39	18	49	12	23	24	17	30	16	13	12	9	16	17	9	0
EC-10J	24786	1242	26028	37355	2186	7058	7080	43	7494	32	198	28	49	31	47	33	27	8	45	20	28	13	27	64	32	28	12	21	11	32	7	14	19	12	21	11	10	7	12	12	6	8	0
EC-10K	64585	4695	69280	97251	2805	30571	7182	102	20348	42	1238	59	167	226	182	73	173	35	92	39	104	33	40	210	66	118	43	51	72	100	29	64	54	30	54	28	30	24	28	20	31	22	0
EC-10P	24061	1089	25150	25429	2250	7640	9277	79	4207	17	197	7	44	12	23	22	8	7	25	20	31	16	7	12	8	16	6	18	3	8	3	12	5	17	4	7	6	5	2	29	8	3	0
EC-11	217269	9381	226650	306081	21412	95422	52573	1079	36377	229	3240	366	551	682	421	236	452	108	417	141	347	154	154	431	237	404	108	207	177	181	119	127	160	101	149	98	70	78	75	72	73	41	0
EC-11A	63412	2082	65494	86509	4276	28491	17181	125	10757	21	802	104	144	152	104	64	102	18	141	24	70	15	44	103	60	110	25	55	43	52	28	38	49	31	56	34	17	17	18	18	11	12	0
EC-11B	85808	3395	89203	122860	11591	33731	24018	671	11650	146	1105	187	232	251	146	103	174	53	179	59	168	113	73	139	125	147	44	81	85	65	58	57	62	37	50	33	27	32	30	29	40	17	0
EC-11C	55285	3560	58845	83323	3453	28301	7117	215	12810	49	1220	58	158	273	165	63	170	32	86	53	101	20	35	184	49	143	36	63	46	61	32	30	44	30	37	29	23	27	24	19	19	10	0
EC-11P	12764	344	13108	13389	2092	4899	4257	68	1160	13	113	17	17	6	6	6	6	5	11	5	8	6	2	5	3	4	3	8	3	3	1	2	5	3	6	2	3	2	3	6	3	2	0
EC-12	318648	8876	327524	449686	38832	139110	91132	559	36905	211	3057	494	759	822	609	310	768	87	623	161	331	132	219	535	267	406	83	197	223	245	168	164	200	137	185	192	69	92	74	93	101	96	0
EC-12A	92438	2360	94798	131380	7504	45325	24782	165	10890	76	983	119	254	226	197	74	249	23	207	45	128	46	61	159	74	115	33	64	70	85	57	58	74	43	69	54	18	23	28	23	21	16	0
EC-12B	147738	3861	151599	203232	24168	64068	41538	247	12758	75	1151	265	327	392	263	151	283	36	267	61	127	62	103	210	112	170	30	90	78	94	64	56	61	56	54	90	37	37	28	38	51	40	0
EC-12C	65768	2420	68188	101958	4681	26512	18845	128	12356	53	883	100	167	194	143	82	236	26	145	53	74	19	52	163	76	119	19	41	73	66	44	49	65	37	61	48	14	32	18	28	27	39	0
EC-12P	12704	235	12939	13116	2479	3205	5967	19	901	7	40	10	11	10	6	3	0	2	4	2	2	5	3	3	5	2	1	2	2	0	3	1	0	1	1	0	0	0	0	4	2	1	0
EC-13	423397	6563	429960	555432	108971	200384	86589	7570	9985	800	1452	827	625	720	568	340	431	193	409	233	285	261	245	346	206	243	97	163	198	137	119	112	138	163	143	123	59	56	51	48	57	50	0
EC-13A	142294	1962	144256	172611	60292	53410	18577	5630	28	641	414	453	257	335	194	179	159	117	120	159	117	185	129	101	73	93	46	52	77	56	57	33	36	32	67	52	23	28	25	20	12	15	0
EC-13B	69464	1103	70567	97118	8569	41791	15344	132	2299	13	268	79	83	126	94	39	74	11	74	9	33	13	23	67	33	37	10	30	38	13	14	20	34	17	14	19	5	9	4	10	7	9	0
EC-13C	57200	950	58150	80368	10937	26873	15686	93	2623	42	118	95	72	54	64	39	43	13	62	12	33	3	33	40	30	23	12	12	23	18	12	15	22	25	12	16	6	3	8	4	16	8	0
EC-13D	128373	2057	130430	178557	18053	70942	30263	1397	4802	77	604	175	191	189	208	74	149	43	147	38	83	34	53	135	63	86	25	59	58	42	35	41	46	86	49	30	23	16	12	13	19	13	0
EC-13P	26066	491	26557	26778	11120	7368	6719	318	233	27	48	25	22	16	8	9	6	9	6	15	19	26	7	3	7	4	4	10	2	8	1	3	0	3	1	6	2	0	2	1	3	5	0
EC-14	239461	5821	245282	315925	49886	120588	40496	2183	18524	874	1746	468	379	467	347	146	271	115	277	119	192	345	131	268	111	258	69	149	138	167	77	62	72	72	102	72	46	49	33	68	54	40	0
EC-14A	64259	1317	65576	80269	22724	26527	8603	1283	2412	556	416	211	87	160	77	52	74	33	56	50	61	257	46	56	22	104	20	41	36	79	20	13	24	14	31	35	17	15	7	17	13	10	0
EC-14B	73919	2508	76427	101481	12976	31371	15403	466	11300	214	542	136	110	129	119	49	81	52	106	28	68	48	45	92	52	72	28	65	33	54	20	26	28	26	44	17	19	19	12	32	22	15	0
EC-14C	86820	1679	88499	119211	8706	58153	12860	305	4381	65	750	100	167	164	141	39	114	25	102	30	53	26	34	119	34	78	19	36	69	31	33	19	20	28	26	17	9	9	12	15	17	14	0
EC-14P	14463	317	14780	14964	5480	4537	3630	129	431	39	38	21	15	14	10	6	2	5	13	11	10	14	6	1	3	4	2	7	0	3	4	4	0	4	1	3	1	6	2	4	2	1	0
EC-15	1130293	19337	1149630	1417226	544763	368290	146520	38730	225	7532	2348	2719	1723	1499	1236	1440	1474	1284	772	1584	743	502	863	630	656	486	490	381	465	368	315	230	277	220	346	271	215	226	136	113	114	107	0
EC-15A	86150	1146	87296	106867	39180	32418	7972	3915	21	507	246	328	113	142	121	141	152	51	69	92	60	23	82	71	52	41	19	22	57	45	18	25	23	19	43	25	20	7	6	2	12	10	0
EC-15B	79164	1432	80596	99694	34275	30228	8400	3776	19	422	263	262	114	144	118	109	155	47	56	123	54	22	72	61	44	45	34	34	41	35	28	22	16	5	36	28	19	15	15	9	9	9	0
EC-15C	94379	1577	95956	119043	43766	34181	10219	3025	16	697	181	301	142	149	105	142	155	117	78	390	58	36	95	72	46	43	29	36	42	43	19	10	20	10	43	23	18	24	18	12	11	7	0
EC-15D	82471	1273	83744	104903	40870	28608	7757	2773	19	483	184	245	115	130	107	133	128	97	68	92	70	29	68	54	45	42	35	23	49	27	26	19	25	15	33	21	22	21	14	6	8	10	0
EC-15E	64156	1152	65308	80312	32527	20648	7591	1745	8	309	112	160	82	68	67	90	99	57	39	73	49	29	54	29	39	30	27	22	25	19	16	15	22	12	18	20	12	15	7	8	10	3	0
EC-15F	62005	914	62919	77970	27883	22328	7746	2316	17	332	171	173	113	80	66	83	100	47	45	79	41	20	43	28	34	25	21	21	25	11	25	12	20	16	18	9	6	19	10	8	8	6	0
EC-15G	73196	1123	74319	95467	31750	25745	10108	3267	12	525	188	185	118	144	80	104	137	65	56	74	57	38	57	45	60	35	47	41	33	21	28	19	26	10	25	21	19	21	10	8	7	10	0
EC-15H	80424	1346	81770	101613	36538	24647	14134	2725	11	766	150	152	146	81	72	76	76	147	56	89	52	41	48	32	44	29	35	21	35	33	26	14	14	17	21	16	17	17	13	12	10	11	0
EC-15I	83204	1375	84579	106344	36555	26879	14217	3142	11	676	189	149	116	96	104	103	98	112	60	107	55	59	47	47	45	42	33	34	25	23	17	17	15	18	28	29	11	16	7	8	5	9	0
EC-15J	76982	1318	78300	97305	36650	22434	13444	2301	20	692	114	140	135	100	77	96	66	119	43	81	52	37	52	28	47	31	33	20	27	14	11	13	18	16	9	13	13	16	6	7	3	4	0
EC-15K	63430	1182	64612	80742	31859	19876	8272	1837	7	386	100	94	84	67	53	80	74	86	39	78	32	43	48	30	38	26	35	16	24	23	13	11	8	23	10	15	6	9	7	9	8	4	0
EC-15L	75649	1278	76927	97155	39512	22988	9520	1817	15	532	107	127	128	75	91	67	62	83	31	68	37	26	45	33	36	19	45	26	15	15	31	11	17	10	12	16	5	9	3	6	4	5	0
EC-15M	76880	1415	78295	98616	38221	24760	9083	2615	19	532	144	162	138	90	82	101	85	87	55	93	54	35	64	44	66	34	46	27	29	25	20	20	31	14	23	16	21	15	9	5	6	9	0
EC-15N	57620	1029	58649	74218	28051	19469	6059	2092	17	359	164	184	106	85	78	109	79	93	49	59	44	25	69	50	46	36	28	32	34	26	23	15	15	16	23	15	20	18	6	11	9	6	0
EC-15P	74583	1777	76360	76977	47126	13081	11998	1384	13	314	35	57	73	48	15	6	8	76	28	86	28	39	19	6	14	8	23	6	4	8	14	7	7	19	4	4	6	4	5	2	4	4	0
EC-16	470095	8279	478374	663673	207134	173382	60719	13285	375	3003	1769	1553	683	769	643	503	526	398	365	459	376	323	406	271	297	314	194	699	159	164	139	149	152	116	142	134	104	114	65	66	81	64	0
EC-16A	121604	2417	124021	171296	31457	68403	15870	1476	238	239	894	351	196	222	233	111	161	78	110	63	100	28	97	89	68	99	51	529	56	46	29	35	50	25	29	36	21	20	17	26	32	19	0
EC-16B	96706	1786	98492	127434	42455	33749	12462	4262	39	753	346	410	148	221	144	128	174	106	91	131	99	110	101	78	82	98	33	61	47	37	32	28	41	34	50	39	24	34	15	16	13	15	0
EC-16C	94247	1494	95741	131506	47231	29179	11650	3172	59	740	237	326	132	146	121	119	91	80	62	88	93	70	77	47	62	45	39	56	21	30	37	34	23	20	31	30	22	32	4	13	14	14	0
EC-16D	67222	1047	68269	101819	36963	18623	7922	1713	22	554	165	228	88	75	70	74	56	67	55	54	31	27	65	27	38	30	36	22	15	22	19	31	17	23	18	15	14	13	9	3	9	9	0
EC-16E	75893	1245	77138	116651	40414	20384	10480	2443	12	659	114	229	100	98	73	69	43	57	43	84	50	76	65	30	47	39	34	26	19	27	22	18	19	13	12	14	22	15	17	8	11	7	0
EC-16P	14423	290	14713	14967	8614	3044	2335	219	5	58	13	9	19	7	2	2	1	10	4	39	3	12	1	0	0	3	1	5	1	2	0	3	2	1	2	0	1	0	3	0	2	0	0
EC-17	603686	9782	613468	741862	285944	202289	82152	15029	155	3696	1991	1770	880	958	754	825	756	480	508	575	508	285	570	353	387	372	226	259	256	248	168	141	140	106	186	204	124	99	81	74	69	68	0
EC-17A	74092	952	75044	90179	30118	30877	7672	2867	13	619	294	239	106	129	115	111	109	42	57	96	72	19	66	69	46	53	20	32	37	27	17	23	16	8	37	26	17	11	10	7	8	7	0
EC-17B	70646	989	71635	86717	28580	30838	7395	1631	15	255	402	231	108	138	100	90	133	43	59	50	52	24	66	57	44	54	30	25	30	27	21	9	19	15	21	24	15	13	7	6	13	6	0
EC-17C	84597	1445	86042	105697	45102	22880	12349	1852	24	734	157	227	103	129	66	92	59	69	58	74	70	64	75	25	44	44	46	21	18	27	30	22	15	14	29	19	20	9	14	4	4	8	0
EC-17D	89243	1493	90736	111756	39348	32058	12231	2776	30	525	322	256	161	163	130	99	108	80	76	88	90	33	87	63	55	58	37	42	44	56	26	24	26	12	33	34	20	12	12	12	8	8	0
EC-17E	105772	1722	107494	132651	52380	31603	16136	2390	21	661	264	369	161	151	135	175	144	83	98	94	86	23	119	59	86	62	37	51	48	43	35	27	31	19	33	46	19	19	15	25	7	17	0
EC-17F	55621	916	56537	70291	26034	18836	7888	1071	16	307	214	148	81	88	64	100	86	53	58	40	49	70	60	30	42	41	19	28	30	28	10	10	13	12	16	21	15	11	6	10	10	6	0
EC-17G	70231	1265	71496	89380	31632	24241	10263	1659	25	415	270	234	103	125	120	147	108	66	81	74	65	21	81	45	57	55	29	37	48	33	21	18	18	17	15	28	14	22	14	8	11	11	0
EC-17P	53484	1000	54484	55191	32750	10956	8218	783	11	180	68	66	57	35	24	11	9	44	21	59	24	31	16	5	13	5	8	23	1	7	8	8	2	9	2	6	4	2	3	2	8	5	0
EC-18	283801	4962	288763	351302	130880	100730	36908	5594	160	1727	824	1040	452	507	406	305	272	195	257	229	246	551	253	200	167	191	114	93	126	104	85	65	71	592	81	82	78	63	46	39	31	37	0
EC-18A	70566	1328	71894	89051	34088	22991	9177	1635	21	504	206	306	130	138	93	96	71	54	72	70	68	228	76	43	47	47	30	28	45	27	23	20	21	84	22	26	17	23	13	9	8	9	0
EC-18B	65931	1113	67044	82780	28592	25666	7897	1624	14	424	166	244	102	122	97	63	67	38	47	57	57	98	69	43	40	39	25	19	22	21	14	6	12	155	17	14	21	13	8	6	7	5	0
EC-18C	128093	2149	130242	159613	56432	47953	17072	2147	119	743	425	456	196	231	210	133	133	91	120	90	105	199	104	112	76	98	53	37	54	51	46	36	37	320	39	36	36	24	23	22	16	18	0
EC-18P	19211	372	19583	19858	11768	4120	2762	188	6	56	27	34	24	16	6	13	1	12	18	12	16	26	4	2	4	7	6	9	5	5	2	3	1	33	3	6	4	3	2	2	0	5	0
EC-19	568924	15519	584443	705772	197283	219674	115138	13869	446	3042	3377	1352	1312	1298	823	809	829	475	974	460	894	581	503	807	676	661	360	357	466	209	258	300	320	160	194	237	139	141	156	122	98	124	0
EC-19A	87240	1559	88799	105784	31197	38564	11282	2891	28	380	459	263	197	194	183	119	170	82	99	82	116	65	63	141	54	84	46	41	90	42	30	35	39	26	38	42	16	20	16	11	16	19	0
EC-19B	43181	1312	44493	54273	12969	16866	9335	1565	30	227	397	137	141	156	85	83	99	38	112	48	99	24	66	104	95	91	22	37	51	20	20	34	47	16	26	30	12	25	28	12	25	9	0
EC-19C	51601	1831	53432	67051	10093	23031	14288	1183	114	262	580	98	173	172	98	91	92	32	156	53	151	36	45	128	117	101	56	48	73	18	43	36	50	16	32	35	16	18	18	17	11	20	0
EC-19D	45424	1307	46731	57589	17983	14309	10729	806	30	378	193	89	90	78	42	48	37	33	75	24	46	66	35	34	32	31	38	28	23	9	16	15	18	17	9	12	12	4	11	7	6	11	0
EC-19E	58688	1970	60658	74382	18275	22562	14033	1076	67	326	425	157	160	146	92	100	112	44	121	40	109	67	48	95	102	76	31	61	61	23	38	40	37	23	19	26	18	16	17	17	13	15	0
EC-19F	52603	1300	53903	64840	18208	22072	8527	1778	39	148	306	155	113	117	70	106	85	48	70	41	79	90	40	68	56	77	43	30	27	30	16	21	26	9	21	20	16	9	11	10	8	13	0
EC-19G	64534	1646	66180	80452	24434	27039	9274	1629	27	344	313	159	125	123	91	77	56	55	68	45	75	58	49	65	47	55	40	38	48	19	19	21	20	18	15	18	14	18	16	10	3	9	0
EC-19H	70667	1969	72636	89166	25962	23481	17248	1282	48	498	302	162	137	165	70	109	83	57	123	49	100	52	92	84	94	65	36	40	39	23	40	51	35	19	14	24	15	13	13	16	7	19	0
EC-19I	54498	1842	56340	70174	14533	23993	12455	1061	54	328	375	103	136	129	84	70	88	37	143	53	105	58	57	87	73	78	36	32	51	20	33	39	44	9	18	26	15	16	24	20	9	6	0
EC-19P	40488	783	41271	42061	23629	7757	7967	598	9	151	27	29	40	18	8	6	7	49	7	25	14	65	8	1	6	3	12	2	3	5	3	8	4	7	2	4	5	2	2	2	0	3	0
EC-20	335082	6671	341753	399166	140269	134238	35728	12832	122	2286	1362	1084	531	666	459	505	588	287	294	369	345	307	283	337	221	278	156	148	219	150	126	89	113	68	148	107	72	74	70	58	57	36	0
EC-20A	73236	1402	74638	88625	28639	29952	9461	2432	21	427	340	261	130	134	109	139	166	53	79	68	66	94	61	73	65	76	29	32	65	28	38	17	36	10	30	26	19	21	17	11	3	8	0
EC-20B	96791	2124	98915	117333	36736	42111	9625	4264	55	796	537	318	181	224	155	155	198	88	101	110	137	61	99	113	66	89	51	54	67	40	36	42	32	23	60	36	23	25	21	21	26	15	0
EC-20C	141066	2590	143656	168411	60844	56442	13241	5666	43	974	455	481	204	287	193	206	221	132	109	171	126	128	114	151	88	109	68	61	85	79	48	27	44	28	56	39	27	24	30	26	27	12	0
EC-20P	23989	555	24544	24797	14050	5733	3401	470	3	89	30	24	16	21	2	5	3	14	5	20	16	24	9	0	2	4	8	1	2	3	4	3	1	7	2	6	3	4	2	0	1	1	0
EC-21	741900	15070	756970	923736	291708	257721	145038	20575	250	7629	2334	1621	1515	1299	1038	943	830	640	861	777	744	463	594	650	611	589	340	348	373	260	284	241	230	134	205	260	133	170	148	109	105	130	0
EC-21A	81526	1559	83085	103290	34829	24209	17477	1814	24	1274	205	197	183	112	86	109	79	69	83	66	88	49	53	41	60	60	32	43	28	51	31	21	21	15	17	25	11	21	13	9	13	8	0
EC-21B	105212	1972	107184	131522	41075	32133	25589	2678	32	1350	248	208	211	161	132	105	90	86	122	85	95	35	66	68	96	62	43	46	41	36	50	34	30	18	23	32	25	26	23	12	8	38	0
EC-21C	74474	1585	76059	94099	25573	27599	16826	1706	30	681	306	135	188	165	119	88	85	63	78	62	70	29	67	94	72	71	32	37	42	22	47	32	16	15	18	33	20	12	13	13	6	9	0
EC-21D	93861	2080	95941	117507	36999	36834	14265	2492	49	544	398	232	196	172	139	132	140	102	95	103	106	57	77	92	83	101	45	50	54	28	39	33	30	20	24	33	20	28	19	5	7	18	0
EC-21E	89219	1857	91076	112997	30908	37151	15474	2526	44	601	278	171	212	195	137	154	103	55	123	111	103	42	70	95	74	88	49	47	61	27	26	35	22	20	25	49	16	38	28	11	35	15	0
EC-21F	85210	1981	87191	106254	27501	30363	21556	2573	25	746	347	182	189	139	128	126	98	65	160	70	109	31	75	100	102	65	52	37	55	23	37	46	47	12	20	29	14	16	21	20	11	20	0
EC-21G	55978	1201	57179	69438	19850	19683	11972	1985	19	869	174	144	113	104	97	79	62	63	96	57	67	64	54	57	51	50	19	36	22	16	23	12	29	10	22	24	4	7	12	18	7	7	0
EC-21H	124881	2195	127076	156099	55788	45074	15238	4301	24	1313	363	335	204	236	195	149	169	111	96	156	94	126	119	101	70	89	58	49	68	52	27	26	34	22	54	34	22	20	15	18	17	14	0
EC-21P	31539	640	32179	32530	19185	4675	6641	500	3	251	15	17	19	15	5	1	4	26	8	67	12	30	13	2	3	3	10	3	2	5	4	2	1	2	2	1	1	2	4	3	1	1	0
EC-22	569679	11878	581557	709622	247179	185930	106510	11722	205	4619	1451	1416	1056	910	544	656	468	736	567	420	507	707	448	403	480	343	273	274	191	197	190	164	155	117	126	159	100	116	95	87	77	81	0
EC-22A	71713	1401	73114	89241	33226	21854	12842	1704	16	556	168	186	115	105	49	81	43	123	52	53	66	61	57	35	43	36	38	25	21	27	13	16	9	17	7	12	16	8	12	9	5	7	0
EC-22B	53788	1106	54894	67289	23348	17713	9974	1036	12	404	124	152	92	86	49	65	41	66	46	35	53	104	40	30	47	35	32	26	18	14	22	14	21	10	12	17	5	12	11	8	9	5	0
EC-22C	57762	1125	58887	72552	28994	14755	11067	1176	12	493	89	145	102	82	37	45	45	88	58	42	45	85	44	36	65	28	29	18	15	26	22	11	13	16	13	10	13	13	6	6	8	10	0
EC-22D	53852	1119	54971	67403	26012	15848	9374	1086	13	268	117	152	85	66	54	60	46	117	46	44	46	50	43	27	48	31	35	16	7	28	19	18	14	11	9	12	8	13	11	4	4	10	0
EC-22E	75697	1416	77113	97200	33447	27161	11610	1418	19	389	192	207	131	97	69	93	61	64	65	51	65	91	51	38	56	41	22	32	21	29	14	17	28	12	16	28	13	21	7	6	10	5	0
EC-22F	41644	942	42586	52352	16853	15165	7465	689	9	313	127	133	92	78	45	60	42	41	54	26	41	86	37	34	36	30	20	23	19	10	14	15	9	5	8	17	8	10	6	7	9	8	0
EC-22G	61883	1333	63216	77885	19482	23891	14893	1335	40	540	255	119	158	135	77	66	50	50	105	40	61	43	48	73	58	49	29	46	26	16	35	31	19	10	19	12	10	7	10	20	13	12	0
EC-22H	62781	1270	64051	78725	26671	22000	10448	1413	24	720	155	154	114	108	68	73	54	62	52	58	54	67	58	49	53	28	34	39	22	21	17	21	13	13	18	20	13	19	16	14	6	12	0
EC-22I	56655	1272	57927	71872	19084	21939	11608	1383	53	754	200	140	140	134	88	105	83	80	80	40	60	85	61	74	65	60	29	45	39	20	29	19	28	17	20	27	8	11	12	13	10	12	0
EC-22P	33904	894	34798	35103	20062	5604	7229	482	7	182	24	28	27	19	8	8	3	45	9	31	16	35	9	7	9	5	5	4	3	6	5	2	1	6	4	4	6	2	4	0	3	0	0
LK	13319616	300300	13619916	17140354	5634915	4363035	2299767	342781	226343	122396	47543	30660	22407	21306	15411	15187	13595	12898	12760	12700	11536	11191	10548	10374	9035	8954	6839	6531	5822	5338	4676	4410	4253	4205	4070	4013	3004	2799	2405	2138	1911	1860	0