entity_id	valid	rejected	polled	electors	NDF	UPFA	PNF	ONF	UPF	SLLP	ULPP	I-AMI	FSP	USP	NSH	SEP	I-AP	NSSP	AACAAKO	JSP	DNM	ULGC	SLNF
EC-01	1296359.9999999984	15334.000000000007	1311694.0000000002	1612659.9999999998	725073.0000000001	562613.9999999999	943.0000000000003	715.9999999999993	978.0000000000001	1006.9999999999994	785.9999999999995	702.0000000000003	714.9999999999993	524.9999999999993	320.99999999999983	346.0000000000001	273.9999999999998	235.9999999999999	213.99999999999986	479.00000000000045	181.00000000000003	123.99999999999996	126.00000000000007
EC-01A	68649.0	1146.0	69795.0	89771.0	51537.0	16423.0	61.00000000000001	47.99999999999999	90.0	100.99999999999999	75.0	58.99999999999999	39.00000000000001	50.00000000000001	25.000000000000004	29.0	25.000000000000004	28.0	17.0	9.999999999999998	15.0	8.0	9.0
EC-01B	101497.0	1237.0000000000002	102733.99999999997	131482.0	82495.0	17778.999999999993	72.99999999999999	39.0	298.00000000000006	185.00000000000003	131.00000000000003	120.00000000000001	59.0	69.0	43.0	31.999999999999993	44.00000000000001	25.000000000000004	26.0	22.000000000000004	19.0	20.999999999999996	17.000000000000004
EC-01C	46990.0	547.0	47536.99999999999	60108.99999999999	31469.0	15148.000000000002	37.0	30.0	36.00000000000001	78.0	37.0	31.000000000000004	22.0	21.0	7.0	16.0	7.0	10.0	15.0	16.0	5.0	3.0	2.0
EC-01D	52137.0	668.0	52804.99999999999	66940.99999999999	35167.0	16601.0	22.999999999999996	32.0	32.0	47.0	33.0	24.999999999999996	31.0	36.0	16.0	21.0	13.999999999999998	18.0	11.0	13.0	2.9999999999999996	9.0	5.0
EC-01E	30275.0	325.0	30600.0	40609.0	23915.0	6163.999999999999	12.0	13.0	14.0	21.0	15.0	12.0	8.0	19.0	11.0	12.0	9.0	22.0	6.0	8.0	8.0	2.0	4.0
EC-01F	47169.0	599.0	47768.000000000015	59812.00000000001	30955.0	15932.000000000002	32.0	14.000000000000004	39.0	34.0	17.0	28.000000000000007	26.000000000000004	9.000000000000002	6.000000000000002	12.000000000000004	8.0	14.000000000000004	5.0	21.000000000000004	9.000000000000002	5.0	3.000000000000001
EC-01G	53004.0	679.9999999999999	53684.000000000015	66793.0	29553.999999999996	23144.0	30.000000000000007	30.999999999999996	25.999999999999996	29.000000000000004	25.0	18.0	29.000000000000004	22.0	9.0	15.000000000000004	11.0	10.0	10.0	24.0	7.0	3.0	7.0
EC-01H	97336.0	1275.0	98611.00000000001	120616.99999999999	56835.0	39766.999999999985	79.99999999999999	50.000000000000014	128.99999999999997	90.0	86.00000000000001	61.99999999999998	45.99999999999999	27.000000000000004	21.999999999999993	28.0	21.0	15.000000000000002	18.0	38.00000000000001	8.000000000000002	4.000000000000001	9.999999999999998
EC-01I	59588.00000000001	703.0000000000001	60290.99999999999	74933.99999999999	34614.0	24662.999999999996	38.99999999999999	33.0	16.999999999999996	41.0	26.999999999999996	16.999999999999996	22.0	22.0	6.999999999999999	10.0	6.999999999999999	5.999999999999999	11.999999999999998	27.999999999999996	13.999999999999998	5.999999999999999	2.9999999999999996
EC-01J	140642.00000000003	1534.0000000000002	142176.00000000006	173354.99999999997	68886.0	70970.0	84.00000000000001	84.00000000000001	57.0	70.00000000000001	81.00000000000004	63.99999999999999	80.0	41.00000000000001	35.00000000000001	31.000000000000007	26.999999999999996	7.999999999999999	15.0	74.99999999999999	18.000000000000004	10.999999999999998	5.0
EC-01K	94879.99999999997	1031.9999999999993	95911.99999999999	117471.99999999999	42728.00000000003	51351.00000000001	112.0	80.00000000000001	61.00000000000002	66.00000000000003	80.00000000000001	67.00000000000003	84.00000000000006	56.999999999999986	38.99999999999999	18.999999999999986	26.000000000000007	28.0	14.999999999999995	29.99999999999999	15.999999999999998	10.000000000000002	10.999999999999998
EC-01L	141762.0	1481.0	143243.00000000006	174908.99999999994	63562.99999999998	77414.99999999999	128.0	79.99999999999999	54.999999999999986	74.0	53.0	70.00000000000001	67.0	35.99999999999999	33.0	22.99999999999999	26.000000000000007	21.0	18.999999999999996	50.00000000000002	21.0	13.000000000000004	14.999999999999998
EC-01M	105352.99999999999	1220.0000000000002	106573.0	129800.99999999999	51480.0	53327.0	66.00000000000001	49.00000000000001	36.999999999999986	56.99999999999999	38.0	27.000000000000004	65.0	38.99999999999999	17.0	38.0	16.0	6.999999999999998	6.999999999999998	46.99999999999999	11.999999999999996	11.000000000000002	13.0
EC-01N	135982.99999999997	1392.9999999999998	137376.00000000006	164774.0	61116.0	74189.00000000001	83.00000000000004	70.0	45.00000000000002	57.0	55.99999999999999	53.99999999999999	85.0	39.99999999999999	23.999999999999996	29.999999999999996	17.000000000000004	6.999999999999999	20.999999999999993	53.0	13.999999999999998	9.999999999999998	11.999999999999998
EC-01O	95981.00000000003	957.9999999999997	96938.99999999999	115219.0	48599.000000000015	46884.99999999999	77.99999999999999	56.99999999999999	38.99999999999999	49.0	28.000000000000004	44.99999999999998	31.000000000000004	30.000000000000004	24.999999999999996	27.000000000000004	14.000000000000002	14.000000000000002	14.000000000000002	24.000000000000004	11.000000000000002	4.0	7.000000000000001
EC-01P	25114	536	25650	26062	12160	12856	5	6	3	8	4	3	21	7	2	3	2	3	3	20	1	4	3
EC-02	1342495.9999999995	14647.000000000004	1357142.9999999984	1680263.0000000012	669006.9999999997	664347.0	1249.0000000000018	1033.0000000000011	858.9999999999998	872.0000000000006	668.0000000000002	930.0000000000014	780.0000000000006	566.0000000000006	399.00000000000085	280.9999999999999	257.00000000000006	169.00000000000003	215.99999999999974	409.0000000000005	192.00000000000028	121.99999999999989	140.00000000000003
EC-02A	95310.99999999999	1331.9999999999998	96643.00000000001	120471.0	56541.0	38000.99999999999	81.99999999999997	69.00000000000001	84.0	107.99999999999999	57.0	58.99999999999999	60.0	65.0	24.999999999999996	21.0	31.999999999999996	22.999999999999993	17.0	25.999999999999996	20.0	6.999999999999999	13.999999999999998
EC-02B	79482.00000000001	870.9999999999998	80353.00000000001	106213.00000000003	53330.99999999999	25432.000000000007	64.0	62.00000000000001	82.99999999999999	110.00000000000004	62.00000000000001	65.0	50.000000000000014	48.0	41.99999999999999	17.0	21.999999999999993	17.0	18.999999999999993	16.0	21.999999999999993	7.000000000000002	13.000000000000002
EC-02C	113635.00000000003	1505.0000000000002	115140.00000000001	143885.0000000001	58507.00000000001	54355.00000000001	118.99999999999999	76.99999999999999	63.999999999999986	83.99999999999999	57.000000000000014	83.99999999999999	46.99999999999999	48.000000000000014	35.000000000000014	21.99999999999999	29.999999999999993	12.000000000000004	18.999999999999996	35.000000000000014	18.999999999999996	13.999999999999996	6.999999999999998
EC-02D	86583.00000000003	701.0	87284.00000000003	108529.0	40112.0	45813.000000000015	95.0	75.00000000000001	63.99999999999999	67.00000000000004	44.99999999999998	82.99999999999999	57.00000000000001	30.000000000000007	25.999999999999996	19.0	10.999999999999996	10.999999999999996	20.0	23.000000000000004	13.999999999999998	10.0	7.999999999999999
EC-02E	97147.0	879.9999999999998	98026.99999999997	124679.00000000004	45202.00000000002	51244.000000000015	103.99999999999999	80.99999999999997	53.00000000000001	68.99999999999997	47.999999999999986	82.00000000000001	51.0	54.999999999999986	27.999999999999996	17.999999999999993	13.999999999999998	16.999999999999996	16.999999999999996	27.0	20.000000000000007	5.999999999999998	10.999999999999993
EC-02F	107270.00000000001	986.0	108256.00000000004	132981.00000000012	51581.000000000015	54929.00000000002	124.99999999999997	73.00000000000001	66.00000000000004	60.99999999999998	52.99999999999999	88.00000000000001	55.00000000000001	54.00000000000001	39.00000000000001	25.0	20.999999999999993	20.999999999999993	20.999999999999993	30.0	11.000000000000002	7.000000000000001	10.000000000000005
EC-02G	105930.99999999996	1023.9999999999998	106955.00000000001	133023.0	50379.999999999985	54776.99999999997	85.99999999999996	100.00000000000001	90.99999999999996	57.00000000000001	47.99999999999998	98.00000000000001	50.00000000000001	44.00000000000001	34.999999999999986	25.999999999999996	16.999999999999993	22.000000000000004	19.0	39.999999999999986	15.999999999999996	15.999999999999996	9.0
EC-02H	118564.00000000001	1222.0000000000002	119786.00000000003	147280.0	53922.0	63961.99999999998	102.00000000000001	61.000000000000014	54.0	57.00000000000003	40.00000000000001	70.0	85.0	44.000000000000014	27.999999999999996	22.999999999999996	21.000000000000007	6.999999999999999	13.000000000000002	42.000000000000014	13.000000000000002	5.999999999999999	13.999999999999998
EC-02I	112796.99999999999	1584.0000000000002	114380.99999999997	143843.0000000001	58669.00000000001	53481.0	88.99999999999999	73.00000000000003	52.99999999999998	62.0	49.00000000000001	70.00000000000001	51.99999999999999	41.00000000000001	27.0	24.0	24.0	4.000000000000001	14.000000000000002	28.000000000000004	10.0	11.0	16.000000000000004
EC-02J	120381.00000000003	1154.0	121534.99999999994	149453.00000000003	55334.00000000001	64314.000000000015	94.00000000000001	111.99999999999997	60.99999999999999	51.00000000000001	63.00000000000002	67.99999999999999	86.99999999999999	33.0	32.00000000000001	30.000000000000007	20.0	8.000000000000002	16.999999999999996	24.999999999999996	11.999999999999996	8.999999999999998	11.000000000000002
EC-02K	93871.00000000006	878.0000000000003	94748.99999999997	115356.00000000006	38491.0	54714.0	108.99999999999999	103.99999999999999	61.999999999999986	38.00000000000001	51.00000000000002	71.99999999999999	51.99999999999999	25.999999999999996	35.99999999999999	19.000000000000004	13.999999999999998	11.0	11.0	32.0	16.0	6.999999999999999	6.000000000000002
EC-02L	99433.00000000001	996.9999999999997	100430.00000000001	121702.00000000003	48666.999999999985	50173.000000000015	88.99999999999999	61.999999999999986	56.000000000000014	56.000000000000014	45.99999999999998	49.000000000000036	74.99999999999999	26.99999999999999	22.0	12.999999999999996	18.0	7.999999999999998	12.999999999999996	34.0	3.999999999999999	12.999999999999996	7.999999999999998
EC-02M	71260.00000000001	859.0	72119.0	90122.0	37884.0	32856.0	79.00000000000001	63.0	63.0	46.000000000000014	44.99999999999999	35.00000000000001	34.0	35.00000000000001	19.0	19.0	7.999999999999998	6.000000000000001	14.000000000000002	29.999999999999993	9.0	4.999999999999998	9.999999999999996
EC-02P	40831	654	41485	42726	20386	20296	12	21	5	6	4	7	25	16	5	5	5	2	2	21	6	4	3
EC-03	751983.999999999	8381.000000000013	760365.0000000006	926345.9999999993	349404.0000000003	395889.9999999995	979.0	807.9999999999991	558.9999999999999	605.0000000000001	559.9999999999994	547.0000000000002	695.0	415.99999999999983	332.0	210.00000000000023	170.99999999999997	130.00000000000006	178.00000000000023	206.0000000000002	121.00000000000014	93.00000000000009	79.99999999999999
EC-03A	93355.0	1152.0000000000002	94506.99999999999	114828.0	46819.99999999999	45908.000000000015	83.99999999999999	56.99999999999999	79.00000000000001	54.0	36.99999999999999	58.999999999999964	70.99999999999999	30.999999999999993	32.99999999999999	19.999999999999996	9.999999999999998	13.999999999999996	19.999999999999996	34.0	12.0	6.999999999999998	4.999999999999999
EC-03B	110628.00000000003	999.0000000000003	111627.00000000003	133887.00000000017	48469.0	61199.00000000001	153.99999999999994	118.0	73.00000000000001	67.99999999999997	75.0	93.99999999999999	89.00000000000003	73.00000000000001	44.999999999999986	31.000000000000004	22.000000000000004	20.999999999999996	24.000000000000004	36.0	15.000000000000004	10.000000000000007	12.000000000000002
EC-03C	100516.99999999996	952.0000000000001	101469.00000000004	122511.0	42064.999999999985	57633.0	120.00000000000007	107.00000000000004	70.99999999999997	61.999999999999986	52.0	76.99999999999997	75.99999999999997	63.999999999999986	48.00000000000001	21.999999999999982	21.999999999999982	13.0	18.999999999999993	24.999999999999996	10.999999999999991	13.0	17.0
EC-03D	66431.00000000001	716.0000000000001	67146.99999999999	82122.99999999997	28341.0	37311.0	122.99999999999993	94.99999999999999	41.99999999999999	79.0	78.00000000000003	63.99999999999999	74.0	49.0	39.000000000000014	29.00000000000001	24.0	16.999999999999993	18.999999999999996	11.000000000000002	16.999999999999993	7.999999999999999	11.000000000000002
EC-03E	85597.0	1062.9999999999998	86660.0	108996.00000000004	38668.0	45983.99999999998	148.0	114.0	75.99999999999997	94.0	94.0	59.0	95.99999999999999	57.0	49.00000000000001	30.000000000000007	26.99999999999999	26.0	20.000000000000007	20.000000000000007	15.000000000000004	11.999999999999998	8.0
EC-03F	94342.0	905.0000000000001	95246.99999999999	117930.99999999999	44803.99999999999	48851.0	92.00000000000001	81.99999999999996	54.99999999999999	60.0	58.00000000000001	47.99999999999998	92.00000000000001	42.99999999999999	27.00000000000001	25.0	23.000000000000004	5.999999999999997	20.000000000000004	23.99999999999999	11.999999999999995	11.999999999999995	8.0
EC-03G	93540.0	950.9999999999999	94491.00000000001	117033.00000000001	53279.99999999999	39423.99999999999	96.0	88.00000000000001	79.0	113.00000000000003	75.00000000000003	73.00000000000001	93.00000000000001	37.0	38.0	27.0	22.999999999999996	14.999999999999996	28.000000000000004	19.999999999999996	13.000000000000002	14.000000000000002	4.0
EC-03H	79673.99999999997	1001.9999999999997	80675.99999999997	100040.00000000004	33995.00000000001	44750.000000000015	153.99999999999997	142.00000000000003	78.99999999999994	67.00000000000001	87.00000000000003	67.00000000000001	78.99999999999994	55.0	52.99999999999998	19.000000000000004	18.0	18.0	25.000000000000004	20.999999999999996	19.999999999999993	13.999999999999995	11.0
EC-03P	27900	641	28541	28997	12962	14830	8	5	5	8	4	6	25	7	0	7	2	0	3	15	6	3	4
EC-04	855908.000000001	10993.000000000007	866900.9999999979	1087541.9999999988	466994.00000000076	378585.0	1305.9999999999993	1203.9999999999989	1102.9999999999989	1028.0000000000007	1003.000000000002	799.0000000000013	723.0000000000007	628.0000000000008	554.0000000000003	318.00000000000045	327.9999999999998	285.0000000000004	311.99999999999955	277.0	182.00000000000006	162.99999999999997	115.99999999999989
EC-04A	41815.00000000001	390.00000000000006	42204.99999999999	54214.000000000015	19817.999999999993	21466.000000000004	79.00000000000004	72.00000000000001	44.00000000000001	46.000000000000014	42.00000000000001	47.000000000000014	25.999999999999996	38.999999999999964	30.0	16.000000000000004	22.000000000000004	19.000000000000004	15.0	9.999999999999998	11.000000000000002	4.999999999999999	8.000000000000002
EC-04B	123997.99999999999	1355.9999999999998	125353.99999999993	157462.99999999997	71532.99999999997	51156.000000000015	152.99999999999997	149.0	117.0000000000001	148.00000000000003	119.00000000000001	108.00000000000003	121.0	81.99999999999999	76.99999999999997	35.0	37.00000000000001	31.0	46.00000000000001	37.00000000000001	19.000000000000007	19.999999999999996	9.999999999999998
EC-04C	65480.000000000015	1023.0000000000002	66503.0	85374.99999999999	37840.0	26762.0	100.99999999999997	87.99999999999999	89.99999999999999	85.0	89.99999999999999	63.99999999999999	65.0	57.00000000000001	51.999999999999986	23.00000000000001	37.00000000000001	18.999999999999996	30.000000000000007	27.00000000000001	20.0	21.999999999999996	7.999999999999999
EC-04D	46916.999999999985	479.0	47396.00000000001	58637.00000000001	18471.999999999993	27722.000000000007	111.99999999999997	129.0	80.0	58.000000000000014	66.00000000000003	66.00000000000003	25.00000000000001	44.00000000000001	36.00000000000001	12.999999999999998	13.999999999999996	22.000000000000004	11.000000000000002	10.0	11.999999999999998	10.0	15.000000000000005
EC-04E	37377.0	517.0000000000001	37893.99999999998	47684.999999999985	18624.0	18149.99999999999	80.0	55.99999999999999	65.0	68.00000000000001	49.0	62.999999999999986	37.000000000000014	31.0	29.999999999999996	28.999999999999993	17.999999999999996	17.000000000000004	14.999999999999998	10.999999999999995	10.999999999999995	8.999999999999998	13.999999999999998
EC-04F	74890.0	793.9999999999997	75684.00000000003	94869.99999999997	41238.00000000001	32930.0	90.00000000000001	85.0	65.0	74.99999999999999	73.00000000000001	49.00000000000001	58.99999999999999	32.000000000000014	41.00000000000001	23.000000000000004	24.000000000000004	23.000000000000004	20.0	20.0	20.0	13.000000000000004	10.0
EC-04G	53079.00000000001	673.0000000000001	53751.99999999999	69243.00000000003	28049.0	24166.999999999993	106.00000000000001	111.00000000000003	112.00000000000004	91.00000000000001	94.99999999999996	56.00000000000002	43.999999999999986	45.999999999999986	47.999999999999986	16.999999999999996	29.99999999999999	29.99999999999999	33.00000000000003	16.999999999999996	14.000000000000005	10.999999999999996	1.9999999999999996
EC-04H	62735.00000000001	834.0000000000001	63569.000000000015	81148.99999999999	36127.0	26061.999999999993	49.000000000000014	61.000000000000014	57.000000000000036	45.000000000000014	49.000000000000014	47.99999999999999	53.00000000000001	31.0	31.0	25.0	18.0	11.999999999999998	31.0	17.000000000000004	10.000000000000002	5.000000000000001	4.0
EC-04I	30715.0	401.0	31116.000000000004	40020.0	20315.999999999996	10200.0	26.0	10.000000000000002	19.000000000000004	19.000000000000004	23.0	23.999999999999993	18.000000000000004	15.000000000000002	8.000000000000002	7.000000000000001	2.0000000000000004	5.999999999999998	5.000000000000001	7.000000000000001	5.000000000000001	2.0000000000000004	2.999999999999999
EC-04J	63088.999999999985	747.9999999999999	63837.0	80420.00000000001	32298.000000000004	30194.00000000001	87.99999999999999	78.0	74.0	44.999999999999986	58.0	41.99999999999999	47.0	28.0	35.00000000000001	15.0	15.999999999999996	18.0	10.999999999999998	20.999999999999996	9.0	3.0000000000000004	9.0
EC-04K	64753.999999999985	763.0	65517.0	82298.00000000004	38018.000000000015	25984.000000000004	87.00000000000001	75.99999999999997	87.00000000000001	81.99999999999996	61.00000000000001	59.0	61.00000000000001	47.999999999999964	36.99999999999999	24.999999999999993	26.000000000000007	20.000000000000004	29.000000000000007	18.999999999999993	13.000000000000004	13.000000000000004	9.0
EC-04L	79784.99999999996	1019.9999999999997	80805.00000000004	102219.00000000001	45327.99999999997	33293.0	151.00000000000003	130.00000000000003	160.99999999999997	132.0	131.0	68.00000000000001	65.00000000000001	60.99999999999999	49.99999999999999	43.0	38.99999999999999	29.000000000000007	37.00000000000002	21.99999999999999	13.999999999999995	20.0	10.999999999999995
EC-04M	74162.00000000001	1393.0	75554.99999999997	95567.00000000003	40233.0	32619.000000000004	173.00000000000003	146.0	127.99999999999997	127.0	143.99999999999994	95.0	70.00000000000001	104.99999999999999	74.0	42.000000000000014	42.000000000000014	37.0	25.000000000000007	43.99999999999998	21.99999999999999	26.0	10.000000000000004
EC-04P	37112	602	37714	38382	19100	17880	11	13	4	7	3	10	32	9	5	5	3	2	4	15	2	4	3
EC-05	309022.00000000023	3652.999999999999	312675.0000000002	397004.99999999977	145928.00000000003	158880.00000000012	649.0000000000002	499.99999999999966	391.99999999999994	393.99999999999994	380.0000000000002	305.99999999999943	250.99999999999997	285.00000000000006	240.99999999999972	96.99999999999996	151.99999999999997	135.0	118.99999999999994	88.0000000000001	86.99999999999991	80.99999999999997	56.99999999999999
EC-05A	101471.99999999994	1073.9999999999998	102545.99999999999	131831.0	42652.00000000002	57657.00000000003	205.00000000000003	158.0	104.0	91.99999999999999	73.99999999999997	90.00000000000001	79.0	66.0	74.99999999999996	27.00000000000001	35.99999999999999	24.00000000000001	35.99999999999999	29.999999999999993	25.0	27.00000000000001	14.999999999999996
EC-05B	56177.999999999985	580.9999999999997	56758.99999999999	70323.00000000004	21511.000000000007	33820.99999999998	174.99999999999997	136.00000000000006	59.0	72.99999999999999	71.99999999999999	51.99999999999997	38.99999999999999	42.000000000000014	49.999999999999986	11.000000000000002	29.999999999999986	33.00000000000001	22.000000000000004	11.999999999999996	12.999999999999993	17.000000000000007	10.000000000000005
EC-05C	63636.999999999985	772.9999999999995	64410.00000000003	84225.00000000001	36052.0	26684.000000000007	123.0	64.99999999999997	90.99999999999999	101.00000000000003	96.0	77.00000000000001	54.0	72.0	43.999999999999986	27.999999999999996	40.0	36.0	24.99999999999999	15.0	10.999999999999996	9.0	13.999999999999998
EC-05D	70812.00000000001	1079.0	71891.0	93296.00000000004	37318.99999999999	32234.999999999985	141.0	137.00000000000009	133.99999999999997	124.99999999999997	133.99999999999997	86.00000000000001	72.0	102.0	71.00000000000001	30.999999999999996	45.00000000000001	39.99999999999997	36.0	28.0	34.00000000000001	25.0	17.000000000000004
EC-05P	16923	146	17069	17330	8394	8483	5	4	4	3	4	1	7	3	1	0	1	2	0	3	4	3	1
EC-06	426765.99999999994	7329.00000000001	434095.0000000001	547766.0000000001	272604.99999999965	145339.00000000003	889.0000000000006	846.0	1054.0	1191.000000000001	1067.9999999999995	462.00000000000017	433.00000000000034	729.0000000000008	433.9999999999999	290.99999999999983	349.0000000000002	241.99999999999972	271.0	201.99999999999972	151.9999999999999	98.99999999999991	109.99999999999996
EC-06A	234995.99999999997	3939.000000000001	238935.0000000001	302836.00000000006	171577.99999999997	57717.99999999996	493.0	479.0	705.0	831.0000000000003	729.9999999999999	246.00000000000003	285.0000000000001	469.0	282.0	195.0	249.99999999999986	156.0	199.00000000000003	141.0	112.00000000000004	56.00000000000002	70.99999999999999
EC-06B	61098.999999999985	1018.0	62117.000000000015	78068.00000000001	36342.99999999999	23821.0	96.99999999999999	92.00000000000006	92.99999999999997	132.99999999999997	115.00000000000001	62.000000000000036	44.0	86.99999999999997	42.0	27.000000000000004	37.999999999999986	18.999999999999993	27.000000000000004	18.999999999999993	15.999999999999993	10.0	13.999999999999998
EC-06C	53956.0	1064.0	55020.0	71052.99999999999	25645.000000000007	27389.0	122.0	113.00000000000001	96.99999999999999	96.99999999999999	85.0	79.00000000000004	39.0	86.0	51.00000000000002	20.999999999999996	23.000000000000007	34.99999999999999	17.99999999999999	17.0	12.000000000000004	13.999999999999996	13.000000000000002
EC-06D	63924.0	1051.9999999999995	64976.000000000015	82193.00000000004	32339.999999999993	30354.000000000004	171.00000000000006	161.0	155.0	128.00000000000006	136.0	72.0	64.00000000000003	84.00000000000001	56.0	44.00000000000002	38.00000000000001	32.000000000000014	26.0	21.000000000000004	11.999999999999998	18.0	11.999999999999998
EC-06P	12791	256	13047	13616	6699	6057	6	1	4	2	2	3	1	3	3	4	0	0	1	4	0	1	0
EC-07	677810.9999999999	6516.000000000003	684327.0000000006	850548.9999999993	293994.00000000023	377126.0000000006	994.9999999999986	755.0	596.9999999999998	497.99999999999926	462.00000000000045	612.0000000000002	834.9999999999994	391.99999999999955	278.0000000000003	190.0000000000003	193.00000000000006	185.00000000000003	168.9999999999999	198.99999999999994	143.00000000000006	97.99999999999991	89.99999999999994
EC-07A	39831.00000000001	388.00000000000006	40219.0	52852.0	16196.000000000002	23283.0	59.999999999999986	31.999999999999996	38.00000000000001	27.00000000000001	20.0	39.0	25.000000000000007	17.999999999999996	20.0	17.999999999999996	13.0	3.9999999999999996	10.0	14.0	3.9999999999999996	3.0000000000000004	7.0
EC-07B	59604.00000000003	634.9999999999997	60239.000000000015	75523.99999999997	26187.000000000004	32870.99999999999	77.99999999999999	51.00000000000001	55.0	41.0	30.00000000000001	46.00000000000001	77.99999999999999	28.00000000000001	32.0	17.000000000000004	20.0	10.999999999999998	14.000000000000005	15.000000000000005	14.000000000000005	7.000000000000003	8.999999999999998
EC-07C	55410.00000000002	541.0000000000001	55951.0	72572.00000000001	19752.0	34983.0	108.99999999999997	88.00000000000001	54.99999999999999	44.00000000000001	38.000000000000014	53.0	128.99999999999997	31.000000000000004	19.999999999999996	16.999999999999996	16.999999999999996	20.999999999999996	11.000000000000002	19.999999999999996	14.000000000000005	6.0000000000000036	2.0
EC-07D	71110.00000000001	574.0	71684.00000000001	89500.0	28287.000000000007	42015.0	107.99999999999997	122.99999999999999	82.00000000000003	37.99999999999998	41.000000000000014	79.0	118.99999999999994	47.999999999999986	28.0	16.999999999999993	18.0	26.999999999999993	18.99999999999999	19.999999999999993	19.999999999999993	9.999999999999996	10.999999999999996
EC-07E	82427.99999999999	790.0000000000002	83218.00000000001	100757.00000000003	34022.000000000015	47463.99999999996	170.99999999999986	106.00000000000001	87.00000000000001	83.00000000000003	62.99999999999998	78.00000000000001	78.00000000000001	68.00000000000004	35.00000000000001	26.000000000000014	26.000000000000014	28.0	25.000000000000014	22.00000000000001	17.00000000000001	14.0	15.0
EC-07F	76667.00000000001	941.0000000000001	77608.00000000001	95640.99999999994	32346.999999999993	43368.999999999985	133.00000000000003	141.00000000000006	68.0	56.00000000000001	80.99999999999999	108.00000000000004	95.00000000000003	57.99999999999998	37.00000000000001	20.0	32.999999999999986	31.0	23.000000000000007	20.99999999999999	17.0	17.0	11.999999999999998
EC-07G	59782.999999999985	480.00000000000006	60263.000000000015	78182.0	23038.000000000007	36208.99999999999	77.00000000000001	57.00000000000001	46.000000000000014	50.000000000000014	34.000000000000014	49.000000000000014	55.0	44.0	17.999999999999996	17.999999999999996	15.999999999999993	21.000000000000004	15.000000000000002	3.9999999999999982	15.999999999999993	7.9999999999999964	7.9999999999999964
EC-07H	63189.99999999998	446.99999999999994	63637.0	79685.00000000003	39546.99999999999	23183.999999999996	47.99999999999999	23.999999999999996	41.0	57.00000000000001	53.000000000000014	41.0	46.00000000000001	22.0	17.0	22.0	13.999999999999995	13.999999999999995	13.999999999999995	23.999999999999996	9.000000000000004	4.999999999999998	8.0
EC-07I	75054.0	738.0000000000002	75791.99999999999	94174.99999999999	34807.00000000001	39604.000000000015	104.99999999999997	56.99999999999999	66.00000000000004	46.99999999999999	55.99999999999999	44.0	74.00000000000003	34.000000000000014	33.00000000000002	17.000000000000007	17.000000000000007	15.999999999999998	19.0	26.999999999999993	15.999999999999998	7.999999999999999	6.999999999999999
EC-07J	64603.0	571.9999999999999	65175.000000000015	80777.99999999999	25932.000000000007	38027.999999999985	92.00000000000006	63.99999999999999	51.99999999999998	48.00000000000001	43.00000000000001	71.99999999999999	96.00000000000001	31.000000000000004	31.999999999999996	15.999999999999998	14.999999999999996	12.000000000000002	16.999999999999993	14.999999999999996	10.999999999999998	17.999999999999996	8.999999999999998
EC-07P	30131	410	30541	30883	13879	16116	14	12	7	7	3	3	40	10	6	2	4	0	2	17	5	2	2
EC-08	515149.9999999999	4890.9999999999945	520041.00000000035	648213.0000000006	212435.00000000006	297822.9999999998	803.9999999999989	661.9999999999999	355.99999999999966	448.0000000000001	373.0	383.99999999999915	352.00000000000006	294.00000000000006	231.0	132.99999999999997	137.99999999999994	139.99999999999991	129.00000000000003	165.99999999999997	107.00000000000006	92.99999999999997	81.99999999999993
EC-08A	77138.0	989.9999999999999	78128.00000000001	97610.00000000003	31716.0	44273.00000000001	181.99999999999997	144.99999999999997	95.0	102.00000000000003	84.00000000000003	95.0	89.99999999999994	69.99999999999997	59.000000000000014	31.999999999999996	28.000000000000007	51.000000000000014	33.0	23.000000000000004	28.000000000000007	16.999999999999993	15.000000000000002
EC-08B	72694.99999999999	747.9999999999997	73443.00000000001	91790.99999999996	25164.0	46635.00000000002	143.99999999999991	145.0	56.000000000000014	79.99999999999993	67.0	66.00000000000003	70.0	63.00000000000001	41.000000000000014	23.0	25.999999999999996	28.000000000000007	18.999999999999996	27.000000000000007	17.000000000000018	14.000000000000004	9.999999999999991
EC-08C	74284.99999999999	575.0000000000001	74860.00000000003	93769.00000000003	30647.00000000001	42860.000000000015	138.00000000000006	115.99999999999999	57.99999999999999	66.00000000000001	71.99999999999997	71.00000000000003	37.00000000000001	45.0	39.99999999999999	23.000000000000004	23.000000000000004	13.999999999999998	15.000000000000005	22.000000000000007	16.0	13.999999999999998	8.0
EC-08D	63559.99999999998	638.9999999999999	64199.00000000001	81523.99999999997	22939.000000000004	40083.999999999985	102.99999999999999	72.00000000000004	38.000000000000014	45.0	36.00000000000002	39.000000000000014	38.000000000000014	35.000000000000014	26.00000000000001	10.000000000000004	14.0	14.0	10.000000000000004	15.999999999999998	10.000000000000004	13.000000000000005	18.00000000000001
EC-08E	60339.0	473.00000000000017	60812.00000000001	78690.0	24091.999999999996	35795.000000000015	78.99999999999999	68.00000000000003	29.000000000000004	45.00000000000002	32.00000000000001	35.00000000000001	30.00000000000001	20.999999999999996	20.999999999999996	18.999999999999993	9.0	12.0	17.000000000000007	9.0	8.000000000000002	2.0000000000000004	16.000000000000004
EC-08F	69835.99999999999	652.0	70488.0	86984.0	35248.0	34191.0	52.00000000000001	34.00000000000001	23.999999999999993	50.00000000000001	34.00000000000001	25.000000000000004	29.999999999999996	21.000000000000004	19.999999999999993	9.999999999999996	15.999999999999996	5.999999999999998	15.999999999999996	30.999999999999996	14.999999999999998	7.999999999999998	4.999999999999998
EC-08G	73545.00000000004	533.9999999999999	74079.00000000001	93450.0	32247.0	40715.0	98.99999999999999	71.0	51.99999999999999	55.99999999999999	44.99999999999999	45.99999999999997	35.0	33.00000000000001	19.99999999999999	12.0	19.0	15.000000000000004	18.0	25.999999999999996	10.999999999999993	18.0	6.999999999999999
EC-08P	23752	280	24032	24395	10382	13270	7	11	4	4	3	7	22	6	4	4	3	0	1	12	2	7	3
EC-09	386076.0000000002	3351.0	389427.0000000001	479432.99999999977	138708.00000000003	243294.99999999994	734.0000000000006	565.0000000000002	376.00000000000006	306.9999999999999	300.9999999999999	322.0	267.00000000000017	241.9999999999999	253.00000000000026	85.00000000000009	101.99999999999999	104.99999999999977	97.00000000000009	116.0000000000001	82.99999999999996	60.999999999999986	57.0
EC-09A	80837.0	658.0000000000003	81495.00000000001	100711.00000000003	27600.999999999985	52201.99999999997	205.00000000000006	155.00000000000003	78.0	75.0	64.99999999999999	63.000000000000036	68.00000000000003	63.99999999999999	81.00000000000001	15.999999999999998	24.000000000000014	29.999999999999996	31.00000000000001	25.00000000000002	19.99999999999999	19.99999999999999	14.000000000000002
EC-09B	62083.000000000015	553.0000000000001	62635.999999999985	78233.99999999999	21912.000000000007	39513.00000000001	106.99999999999997	92.99999999999999	64.99999999999999	44.00000000000001	56.99999999999999	64.00000000000003	27.99999999999999	39.00000000000001	30.000000000000004	15.000000000000002	12.000000000000004	25.0	13.999999999999995	26.000000000000007	20.000000000000018	10.000000000000009	9.000000000000002
EC-09C	96247.99999999997	850.9999999999999	97099.0	120147.99999999997	32597.999999999993	62738.99999999998	161.99999999999997	136.00000000000003	85.00000000000001	59.99999999999998	59.99999999999998	62.99999999999998	76.00000000000001	53.00000000000001	67.0	16.000000000000004	29.000000000000004	20.999999999999996	17.000000000000004	30.99999999999999	14.999999999999995	10.999999999999998	9.000000000000002
EC-09D	130935.0	1102.0	132036.99999999997	163817.99999999994	50977.0	78545.99999999999	249.9999999999999	175.99999999999994	147.00000000000006	127.99999999999997	115.99999999999993	128.99999999999997	82.00000000000003	78.99999999999997	72.99999999999999	35.99999999999999	35.99999999999999	27.999999999999993	35.0	27.000000000000014	27.999999999999993	17.999999999999996	23.999999999999982
EC-09P	15973	187	16160	16522	5620	10295	10	5	1	0	3	3	13	7	2	2	1	1	0	7	0	2	1
EC-10	340750.99999999994	10038.000000000004	350788.9999999998	546264.9999999999	253574.0000000002	74453.99999999996	977.9999999999998	1150.0	1619.9999999999982	1397.9999999999977	941.9999999999991	977.999999999999	610.0000000000003	975.0000000000005	677.0000000000005	614.9999999999994	507.9999999999998	623.0000000000013	567.9999999999997	328.9999999999999	360.0	214.00000000000028	178.0000000000001
EC-10A	14678.000000000002	495.0	15172.999999999996	22057.000000000022	8144.0	5959.000000000004	50.99999999999996	54.99999999999999	66.99999999999997	69.99999999999999	32.99999999999999	37.99999999999999	26.0	34.000000000000014	29.999999999999996	63.00000000000001	18.0	21.999999999999996	10.999999999999998	18.999999999999996	16.0	14.000000000000002	8.0
EC-10B	29997.000000000004	1043.0	31040.0	47621.00000000001	20872.999999999993	7791.000000000002	78.0	108.0	163.00000000000003	133.0	101.99999999999999	107.0	78.0	122.0	66.99999999999999	89.99999999999999	54.999999999999986	49.99999999999999	66.0	39.0	30.000000000000007	22.999999999999993	22.000000000000004
EC-10C	25616.0	822.0	26438.0	63217.0	18729.0	5704.999999999999	87.0	102.0	168.99999999999997	124.99999999999999	77.0	94.0	51.0	105.0	61.0	40.0	59.0	38.0	58.0	42.0	40.0	19.0	15.0
EC-10D	35626.99999999999	960.0	36587.00000000001	54566.999999999985	26958.000000000007	7225.000000000002	95.99999999999999	122.99999999999997	155.00000000000003	178.00000000000006	103.0	137.0	69.0	127.99999999999997	71.00000000000001	60.0	62.999999999999986	69.0	69.0	43.00000000000001	44.0	20.0	15.999999999999996
EC-10E	35074.0	1137.9999999999998	36211.99999999999	55890.99999999999	27160.999999999996	6211.0	105.0	180.0	213.00000000000003	192.99999999999997	156.00000000000003	114.00000000000003	89.0	117.99999999999997	88.00000000000001	77.0	56.00000000000001	73.00000000000001	93.0	41.000000000000014	51.00000000000001	22.000000000000004	33.00000000000001
EC-10F	23052.0	574.0000000000001	23626.0	39203.99999999999	18136.999999999993	3936.9999999999995	79.00000000000001	93.00000000000003	125.00000000000001	108.0	65.0	81.99999999999999	43.0	50.0	59.0	52.999999999999986	44.0	46.999999999999986	44.99999999999999	24.000000000000007	30.0	17.000000000000007	14.0
EC-10G	22320.000000000004	576.0000000000001	22895.999999999996	36138.00000000001	17388.0	4212.999999999999	59.00000000000001	65.0	95.99999999999997	87.0	59.00000000000001	49.00000000000001	37.99999999999999	47.0	44.00000000000001	18.000000000000004	36.00000000000001	41.0	28.0	11.000000000000002	22.000000000000004	11.999999999999996	7.0
EC-10H	30455.99999999999	952.9999999999998	31409.0	51701.99999999999	23519.999999999993	5598.999999999999	126.99999999999999	123.00000000000001	214.99999999999997	142.0	81.0	96.99999999999999	68.99999999999999	96.0	75.99999999999999	50.99999999999998	50.99999999999998	56.000000000000014	62.00000000000002	29.000000000000004	29.000000000000004	18.999999999999996	14.000000000000004
EC-10I	31211.999999999993	660.0000000000002	31872.000000000007	46699.0	24929.0	5404.999999999999	55.000000000000014	51.99999999999999	112.0	110.00000000000003	66.99999999999999	74.00000000000001	40.00000000000001	79.00000000000003	34.0	35.0	44.0	50.0	44.0	22.0	34.0	14.999999999999998	11.0
EC-10J	23095.999999999996	423.0	23519.0	33050.0	17994.0	4501.999999999998	52.00000000000001	41.000000000000014	71.0	81.0	39.99999999999999	41.000000000000014	30.999999999999993	66.0	33.0	23.999999999999996	14.0	27.000000000000007	33.0	10.999999999999998	15.0	11.999999999999998	8.0
EC-10K	53886.00000000001	1940.0	55826.000000000015	79093.0	38856.00000000001	13299.999999999996	179.99999999999991	183.99999999999997	214.99999999999991	161.00000000000003	149.00000000000006	123.0	66.00000000000001	114.99999999999996	105.99999999999997	91.99999999999999	63.0	77.00000000000001	56.000000000000014	41.0	39.00000000000001	37.0	25.999999999999996
EC-10P	15737	454	16191	17026	10885	4607	9	24	19	10	10	22	10	15	8	12	5	73	3	7	10	4	4
EC-11	180225.0	3416.0	183640.9999999998	261421.99999999988	141417.00000000003	34377.000000000015	358.0000000000001	400.00000000000034	563.0	574.0000000000003	452.99999999999994	356.0000000000001	191.00000000000009	300.0000000000001	235.00000000000006	215.99999999999974	114.00000000000001	218.00000000000009	133.00000000000003	72.0	113.00000000000003	66.99999999999999	67.99999999999999
EC-11A	53499.999999999985	895.0	54394.999999999985	79433.00000000003	45542.99999999998	6824.0	67.99999999999996	74.00000000000001	159.99999999999994	158.99999999999997	135.99999999999991	78.00000000000001	44.00000000000001	100.0	61.000000000000014	56.99999999999998	31.99999999999999	46.00000000000001	31.99999999999999	23.000000000000004	29.000000000000004	14.999999999999998	18.999999999999993
EC-11B	74080.0	1371.0000000000005	75451.00000000003	109705.0	55683.00000000002	16678.0	148.00000000000003	143.00000000000003	211.99999999999994	212.99999999999997	163.99999999999997	146.0	74.00000000000001	128.0	90.99999999999999	77.99999999999999	52.999999999999986	90.99999999999999	57.00000000000001	29.999999999999993	44.99999999999999	20.000000000000007	25.999999999999993
EC-11C	44888.99999999999	1052.0	45941.0	63920.00000000003	35441.00000000001	7935.000000000002	135.00000000000003	175.99999999999991	185.0	194.99999999999994	151.00000000000003	124.00000000000004	68.00000000000001	67.0	80.99999999999994	78.0	29.00000000000001	69.0	43.99999999999998	18.999999999999996	36.99999999999999	32.000000000000014	23.0
EC-11P	7756	98	7854	8364	4750	2940	7	7	6	7	2	8	5	5	2	3	0	12	0	0	2	0	0
EC-12	256585.99999999997	2580.000000000001	259165.99999999997	373982.00000000006	209421.99999999985	41631.00000000001	522.0	440.99999999999994	698.0000000000001	881.9999999999999	641.0000000000001	322.99999999999994	305.9999999999998	257.99999999999994	370.00000000000034	179.99999999999983	186.99999999999994	238.00000000000003	156.99999999999994	89.0	108.0000000000001	59.00000000000002	73.99999999999996
EC-12A	72075.00000000001	747.0000000000002	72821.99999999997	105056.00000000003	60342.0	10337.000000000002	135.00000000000003	114.00000000000003	154.0	259.0	208.00000000000003	63.99999999999997	63.0	59.000000000000014	83.99999999999997	37.999999999999986	47.00000000000001	55.0	37.000000000000014	14.999999999999998	25.0	18.999999999999993	19.999999999999996
EC-12B	121637.00000000004	1106.0000000000005	122743.00000000004	172498.99999999997	97778.99999999997	21473.0	225.99999999999991	165.00000000000006	276.0000000000001	351.0000000000002	268.99999999999994	152.99999999999994	155.99999999999991	116.00000000000004	168.00000000000003	86.99999999999999	85.99999999999997	104.00000000000003	81.00000000000004	42.00000000000001	51.000000000000036	22.000000000000004	31.99999999999999
EC-12C	54411.99999999999	626.9999999999997	55039.00000000001	87612.00000000001	44484.99999999998	8215.999999999996	159.99999999999991	159.99999999999991	262.0000000000002	266.0	162.99999999999994	98.0	82.99999999999997	80.99999999999999	117.99999999999999	55.000000000000014	53.999999999999986	70.99999999999997	37.99999999999999	31.0	31.0	17.999999999999996	22.0
EC-12P	8462	100	8562	8815	6816	1605	1	2	6	6	1	8	4	2	0	0	0	8	1	1	1	0	0
EC-13	357816.99999999977	2624.9999999999986	360441.9999999997	488066.9999999998	233359.99999999994	121027.00000000013	446.0000000000006	306.99999999999966	355.99999999999983	543.0000000000003	437.9999999999999	187.00000000000006	234.00000000000009	196.9999999999999	169.00000000000003	69.00000000000004	116.99999999999999	92.00000000000003	88.00000000000006	57.000000000000014	54.99999999999997	38.99999999999999	35.99999999999999
EC-13A	125063.99999999994	911.0000000000001	125975.00000000004	161999.0	47657.99999999999	76409.00000000004	238.0000000000001	165.99999999999991	55.0	80.99999999999997	76.99999999999999	30.000000000000014	103.99999999999997	45.99999999999999	49.99999999999998	18.999999999999996	22.999999999999996	28.000000000000004	20.999999999999996	20.999999999999996	9.999999999999996	12.999999999999996	15.000000000000007
EC-13B	55333.00000000001	412.00000000000006	55745.000000000015	80357.00000000003	46826.99999999999	7796.999999999999	55.00000000000001	42.00000000000001	91.99999999999997	124.00000000000004	121.0	37.99999999999999	34.99999999999999	48.0	32.99999999999999	13.999999999999996	25.999999999999996	18.999999999999996	19.999999999999996	13.999999999999996	12.999999999999998	8.0	6.999999999999998
EC-13C	50560.99999999998	342.0	50902.99999999999	71253.99999999999	45411.000000000015	4682.999999999999	25.999999999999993	22.0	60.99999999999999	94.00000000000004	67.99999999999999	24.0	25.999999999999993	31.000000000000007	31.000000000000007	11.0	14.0	12.0	14.0	9.000000000000002	12.0	7.0	5.0
EC-13D	105148.0	801.9999999999995	105950.00000000006	152147.0	81547.0	22424.999999999996	112.99999999999996	74.0	140.0	235.00000000000003	164.99999999999994	85.99999999999997	63.000000000000014	65.00000000000004	53.00000000000001	23.999999999999993	51.99999999999999	28.999999999999986	30.999999999999993	11.0	19.000000000000004	8.999999999999996	7.000000000000004
EC-13P	21711	158	21869	22310	11917	9713	14	3	8	9	7	9	6	7	2	1	2	4	2	2	1	2	2
EC-14	195356.00000000006	1805.0000000000002	197160.99999999997	271953.0	140338.0	52110.999999999985	263.0000000000001	237.00000000000014	326.9999999999999	386.99999999999983	341.0000000000001	168.99999999999991	270.0	213.9999999999999	163.99999999999991	87.99999999999994	98.99999999999996	89.00000000000006	88.99999999999999	51.99999999999998	43.99999999999999	37.99999999999998	35.99999999999999
EC-14A	52261.00000000001	442.0000000000001	52702.99999999999	74070.0	24833.000000000007	26715.999999999993	101.99999999999996	74.99999999999997	60.000000000000014	70.00000000000001	63.00000000000001	35.00000000000001	118.00000000000006	44.0	44.0	18.000000000000004	13.0	13.999999999999995	18.000000000000004	5.000000000000003	9.000000000000002	10.000000000000005	13.999999999999995
EC-14B	62759.00000000001	815.9999999999998	63574.999999999985	86978.0	49650.00000000001	12055.999999999996	74.0	77.00000000000003	112.99999999999999	140.00000000000003	114.00000000000001	77.00000000000003	59.999999999999986	97.0	55.00000000000001	34.0	53.00000000000002	38.000000000000014	41.99999999999999	25.99999999999999	20.999999999999996	18.0	13.999999999999995
EC-14C	65719.0	461.0	66179.99999999999	95804.00000000001	57531.99999999999	7131.999999999998	76.00000000000001	79.00000000000001	141.99999999999991	173.99999999999994	160.0	45.99999999999998	70.99999999999996	70.0	62.00000000000001	36.0	31.000000000000004	31.000000000000004	26.000000000000007	20.0	14.000000000000002	10.0	7.000000000000001
EC-14P	14617	86	14703	15101	8323	6207	11	6	12	3	4	11	21	3	3	0	2	6	3	1	0	0	1
EC-15	1041623.9999999991	9284.99999999998	1050908.999999999	1333377.0000000007	476602.0000000005	556868.0000000007	1374.0000000000016	1138.0000000000011	838.9999999999984	723.9999999999991	637.0	681.9999999999999	465.00000000000045	457.00000000000017	440.9999999999999	195.9999999999992	216.00000000000006	181.0000000000001	172.99999999999957	228.00000000000006	177.00000000000017	123.99999999999989	102.00000000000018
EC-15A	78529.99999999999	601.9999999999997	79132.00000000003	103488.00000000001	31026.999999999985	46848.0	139.0	109.00000000000001	53.00000000000002	63.0	50.00000000000003	44.00000000000001	24.0	35.0	44.999999999999986	9.999999999999998	14.000000000000005	25.000000000000014	11.000000000000002	9.999999999999998	8.000000000000002	8.000000000000002	7.000000000000003
EC-15B	72142.99999999997	658.0	72800.99999999999	94909.99999999997	31444.0	40015.0	138.00000000000003	121.00000000000003	73.0	67.00000000000001	56.99999999999999	62.00000000000001	20.000000000000004	32.00000000000001	34.0	10.000000000000002	9.000000000000002	8.000000000000002	11.999999999999996	6.999999999999997	16.000000000000004	13.000000000000004	5.000000000000001
EC-15C	86089.99999999999	653.9999999999997	86744.0	113858.0	36057.99999999999	49289.000000000015	125.0	125.99999999999993	70.99999999999999	73.00000000000006	64.99999999999999	53.99999999999997	30.0	37.999999999999986	49.00000000000001	17.000000000000007	17.999999999999996	15.999999999999998	11.999999999999998	11.000000000000002	15.999999999999998	13.000000000000002	8.999999999999998
EC-15D	73147.99999999999	846.9999999999999	73994.99999999999	97885.99999999999	33943.99999999999	38537.999999999985	112.00000000000009	94.00000000000003	70.0	70.0	60.000000000000014	48.0	24.0	35.0	35.0	27.0	14.00000000000001	15.000000000000004	16.0	17.999999999999993	12.0	8.999999999999996	7.000000000000005
EC-15E	59564.000000000015	447.99999999999994	60012.0	76817.0	24562.0	34499.000000000015	87.99999999999997	73.00000000000003	47.0	30.999999999999993	27.999999999999996	52.00000000000001	33.000000000000014	24.999999999999996	30.999999999999993	7.999999999999998	15.000000000000007	15.999999999999996	11.999999999999996	15.000000000000007	13.000000000000002	6.999999999999999	8.999999999999996
EC-15F	57775.999999999985	403.00000000000006	58178.99999999997	74099.99999999999	25172.0	32196.999999999985	67.99999999999999	60.00000000000001	47.00000000000001	35.0	35.0	31.0	21.000000000000007	23.0	21.000000000000007	10.000000000000005	10.000000000000005	10.000000000000005	10.000000000000005	4.0	12.000000000000002	5.000000000000003	5.000000000000003
EC-15G	69222.0	517.0000000000003	69739.00000000001	88306.0	31166.0	37573.99999999999	83.0	58.0	36.0	47.00000000000001	42.0	41.0	29.999999999999996	28.0	29.0	14.0	12.0	12.999999999999998	6.0	14.0	12.0	7.999999999999998	9.0
EC-15H	76163.0	768.0000000000001	76931.00000000001	94505.0	33655.00000000001	41989.99999999999	86.99999999999999	53.00000000000001	69.00000000000001	48.99999999999997	36.00000000000001	48.00000000000001	41.000000000000014	24.999999999999993	24.000000000000004	15.000000000000004	9.000000000000002	12.999999999999996	13.999999999999995	12.000000000000002	7.999999999999999	3.9999999999999996	10.999999999999998
EC-15I	77294.00000000001	568.0000000000003	77862.0	100474.00000000003	37527.999999999985	39114.99999999998	91.0	82.00000000000003	89.0	45.0	47.00000000000001	70.00000000000001	59.0	37.00000000000001	33.999999999999986	15.000000000000007	20.00000000000001	5.999999999999999	13.000000000000004	13.000000000000004	18.000000000000004	9.000000000000002	2.9999999999999996
EC-15J	74891.00000000003	621.0000000000002	75512.0	94560.0	32963.99999999999	41422.0	106.00000000000001	72.00000000000003	39.000000000000014	40.0	35.0	45.99999999999998	29.000000000000004	29.999999999999996	29.000000000000004	5.9999999999999964	16.999999999999993	12.999999999999996	7.999999999999998	11.0	12.999999999999996	7.999999999999998	2.9999999999999982
EC-15K	59918.999999999985	435.0000000000001	60353.99999999999	77321.00000000003	28364.999999999996	31108.000000000004	69.00000000000001	54.99999999999997	54.99999999999997	38.0	28.999999999999993	38.999999999999986	22.000000000000004	24.999999999999993	19.999999999999996	16.0	15.0	7.0	16.0	19.0	8.0	3.0000000000000013	9.999999999999998
EC-15L	69815.0	583.0000000000002	70398.00000000001	89332.00000000004	37894.99999999999	31429.000000000004	71.99999999999997	49.0	51.000000000000014	47.99999999999999	47.000000000000014	31.999999999999996	31.999999999999996	36.99999999999999	23.000000000000004	8.999999999999996	20.999999999999996	10.000000000000004	5.000000000000002	24.999999999999996	10.000000000000004	11.999999999999998	7.999999999999999
EC-15M	69480.99999999999	833.9999999999998	70315.00000000001	90682.00000000001	35591.00000000002	33243.000000000015	91.99999999999997	82.00000000000001	61.99999999999998	63.999999999999986	50.999999999999986	49.99999999999998	40.000000000000014	40.000000000000014	33.99999999999999	20.000000000000007	20.000000000000007	16.999999999999996	20.000000000000007	19.00000000000001	15.999999999999996	12.999999999999998	6.999999999999998
EC-15N	52409.0	511.9999999999998	52921.0	70204.00000000006	23847.0	28009.99999999999	79.00000000000006	84.99999999999999	62.999999999999986	45.999999999999986	44.99999999999999	47.00000000000001	33.0	34.00000000000001	25.999999999999982	11.0	17.000000000000004	9.999999999999995	12.999999999999991	19.99999999999999	9.999999999999995	6.000000000000003	7.0000000000000036
EC-15P	65179	835	66014	66934	33384	31591	25	19	14	8	10	18	27	13	7	8	5	2	5	30	5	6	2
EC-16	403849.9999999996	4300.0	408149.9999999997	562984.0000000006	202073.0000000002	197751.0	579.0	491.0000000000002	436.99999999999955	406.00000000000017	339.00000000000034	379.9999999999998	306.0000000000002	269.99999999999994	147.99999999999997	117.00000000000001	94.00000000000004	85.00000000000006	106.99999999999997	68.99999999999997	80.99999999999999	74.00000000000006	43.0
EC-16A	84277.0	1150.9999999999998	85427.99999999999	125701.99999999994	58844.00000000001	24235.000000000007	107.0	123.0	160.99999999999994	155.99999999999997	131.0	125.00000000000004	50.0	97.99999999999996	43.00000000000002	32.00000000000001	31.000000000000007	28.999999999999996	43.00000000000002	17.0	20.0	22.000000000000007	10.0
EC-16B	84093.0	778.0	84871.00000000001	112977.99999999997	31026.00000000001	52224.99999999999	167.9999999999999	149.0	88.00000000000004	61.999999999999986	67.0	63.0	59.00000000000001	39.999999999999986	30.999999999999993	18.000000000000007	16.0	23.000000000000007	12.999999999999998	9.000000000000004	16.0	12.999999999999998	6.999999999999995
EC-16C	86985.00000000001	984.9999999999999	87969.99999999999	118171.00000000003	42187.00000000001	43928.00000000001	145.99999999999997	90.99999999999997	83.99999999999997	90.99999999999997	65.00000000000003	83.99999999999997	68.00000000000003	64.0	28.000000000000007	30.999999999999993	16.0	14.000000000000004	26.999999999999986	19.000000000000004	16.0	14.000000000000004	11.999999999999998
EC-16D	63539.000000000015	558.0000000000002	64097.000000000015	89974.99999999996	29933.999999999993	33119.000000000015	75.99999999999996	49.999999999999986	49.999999999999986	52.000000000000014	32.99999999999999	52.000000000000014	39.99999999999999	29.999999999999993	23.00000000000001	19.999999999999996	12.0	7.0	9.0	11.000000000000005	8.000000000000002	4.000000000000001	9.0
EC-16E	75339.00000000001	722.0	76061.00000000004	106183.0	35218.0	39522.99999999999	82.00000000000004	75.00000000000003	54.000000000000014	42.00000000000001	42.99999999999999	50.00000000000001	82.00000000000004	36.99999999999999	22.000000000000007	15.000000000000002	18.000000000000007	11.000000000000004	14.0	9.000000000000004	20.0	18.999999999999996	5.0
EC-16P	9617	106	9723	9975	4864	4721	0	3	0	3	0	6	7	1	1	1	1	1	1	4	1	2	0
EC-17	524633.0000000002	4499.999999999995	529133.0000000003	680877.0000000003	238407.00000000006	281160.99999999994	901.0000000000005	684.9999999999999	547.9999999999993	468.9999999999998	464.0	371.99999999999966	323.99999999999994	287.99999999999994	245.00000000000003	103.99999999999999	129.00000000000006	112.99999999999996	86.0	97.99999999999996	76.00000000000006	104.99999999999993	57.999999999999986
EC-17A	60620.00000000002	426.00000000000006	61045.99999999999	81995.99999999997	24260.999999999993	35772.000000000015	121.00000000000004	99.00000000000003	70.99999999999999	49.0	47.0	36.00000000000001	21.999999999999996	28.0	28.0	10.0	18.000000000000004	12.0	10.999999999999998	8.000000000000002	8.000000000000002	14.0	5.0
EC-17B	60201.00000000001	468.0000000000001	60669.000000000015	81099.00000000001	27662.0	31846.999999999996	108.99999999999996	96.99999999999999	71.99999999999999	82.00000000000003	66.99999999999999	46.0	35.99999999999999	63.000000000000036	32.00000000000001	8.999999999999998	15.000000000000007	14.0	10.000000000000002	8.999999999999998	8.999999999999998	14.0	8.000000000000002
EC-17C	75347.0	650.9999999999998	75997.99999999999	97576.00000000003	35779.00000000001	38947.00000000001	109.99999999999996	75.99999999999997	61.0	53.00000000000002	46.00000000000001	46.00000000000001	61.0	31.999999999999993	35.99999999999999	18.999999999999993	13.999999999999993	11.999999999999998	11.000000000000005	15.999999999999996	7.999999999999998	8.999999999999998	11.000000000000005
EC-17D	76956.99999999999	720.0000000000002	77676.99999999999	102690.99999999999	33791.00000000001	42349.0	148.00000000000003	103.00000000000003	92.00000000000003	82.0	79.00000000000003	72.00000000000001	33.99999999999999	42.00000000000001	39.00000000000001	13.000000000000004	19.999999999999996	23.000000000000007	19.999999999999996	15.999999999999998	12.0	15.999999999999998	6.0
EC-17E	96579.99999999997	771.0000000000002	97351.00000000003	125162.0	41611.99999999999	54007.99999999997	172.00000000000003	130.00000000000003	88.00000000000007	88.99999999999999	112.00000000000006	59.0	75.00000000000001	47.0	47.0	26.000000000000007	22.000000000000018	16.000000000000004	14.000000000000007	17.999999999999993	14.000000000000007	17.999999999999993	13.000000000000004
EC-17F	49389.99999999999	406.00000000000017	49796.00000000002	64778.000000000015	22860.000000000007	26032.000000000004	88.00000000000003	77.99999999999997	53.99999999999999	41.0	45.0	25.999999999999996	35.99999999999999	24.000000000000004	30.999999999999996	12.000000000000002	17.0	10.0	3.999999999999999	5.0	10.0	10.0	6.9999999999999964
EC-17G	62666.0	558.9999999999999	63225.000000000015	83430.99999999996	29410.0	32562.999999999993	122.00000000000001	78.0	87.00000000000003	60.0	61.99999999999999	56.00000000000001	41.999999999999986	46.00000000000001	21.999999999999993	13.0	20.999999999999993	20.999999999999993	14.000000000000002	13.0	13.0	19.0	4.000000000000002
EC-17P	42872	499	43371	44144	23032	19643	31	24	23	13	6	31	18	6	10	2	2	5	2	13	2	5	4
EC-18	255996.0	1789.9999999999998	257785.99999999988	321338.0	147974.00000000012	105640.00000000001	370.0000000000004	291.9999999999999	166.0000000000001	257.0	298.0	107.00000000000004	336.00000000000006	128.99999999999997	102.99999999999996	43.0	58.99999999999999	35.99999999999997	53.00000000000001	43.99999999999999	39.99999999999999	27.00000000000003	22.000000000000004
EC-18A	65197.99999999999	491.0000000000002	65688.99999999999	83394.99999999997	32743.999999999996	31747.0	136.99999999999997	91.00000000000001	38.000000000000014	60.99999999999997	58.00000000000001	36.99999999999999	120.00000000000003	34.99999999999999	28.00000000000001	14.000000000000005	12.0	9.999999999999998	22.999999999999993	14.000000000000005	9.999999999999998	10.999999999999998	8.0
EC-18B	61007.00000000001	306.9999999999999	61314.00000000001	77505.0	32875.0	27623.000000000007	73.0	73.0	36.0	60.0	73.0	28.0	60.0	31.999999999999996	14.0	7.999999999999999	10.0	5.0	9.0	14.0	10.0	3.0	0.9999999999999999
EC-18C	115934.99999999996	849.9999999999999	116784.99999999997	146225.0	72875.00000000001	41961.00000000001	149.0	123.0	82.0	130.00000000000003	164.99999999999991	35.00000000000001	144.99999999999991	55.99999999999999	57.99999999999997	20.000000000000004	35.00000000000001	21.000000000000007	18.999999999999996	15.0	20.000000000000004	13.000000000000005	13.000000000000005
EC-18P	13856	142	13998	14213	9480	4309	11	5	10	6	2	7	11	6	3	1	2	0	2	1	0	0	0
EC-19	507069.99999999965	7870.999999999996	514940.9999999997	647628.0000000002	249524.00000000006	249243.00000000003	1051.9999999999989	1052.0000000000002	1037.9999999999993	747.9999999999998	722.9999999999998	669.9999999999989	501.9999999999999	563.0000000000001	382.99999999999994	244.00000000000006	260.99999999999994	265.0	249.00000000000014	169.99999999999991	152.9999999999999	123.99999999999989	105.99999999999996
EC-19A	75351.00000000004	930.0000000000002	76281.0	95714.99999999999	31495.000000000004	42718.0	190.99999999999997	213.00000000000009	151.00000000000003	70.99999999999999	89.99999999999999	91.00000000000001	38.00000000000002	70.99999999999999	60.000000000000014	18.000000000000007	23.000000000000004	32.99999999999998	23.000000000000004	9.000000000000004	27.000000000000014	15.000000000000004	14.000000000000007
EC-19B	39378.99999999999	822.0	40200.99999999999	51294.99999999999	15127.999999999995	23518.000000000007	109.99999999999999	112.0	82.0	60.99999999999999	50.99999999999999	53.00000000000001	38.0	36.0	41.0	14.0	17.000000000000004	31.000000000000004	21.000000000000004	14.0	14.0	31.000000000000004	7.0
EC-19C	46995.999999999985	900.0000000000002	47896.00000000001	62900.999999999985	25598.00000000001	20202.0	132.00000000000003	127.99999999999996	186.0	124.99999999999999	122.00000000000004	96.0	68.99999999999997	74.99999999999996	50.0	37.00000000000001	33.00000000000001	48.0	36.0	19.000000000000004	22.99999999999999	9.0	7.999999999999997
EC-19D	43234.00000000001	629.9999999999999	43863.99999999999	55185.0	22659.000000000004	20062.0	68.00000000000001	50.99999999999999	60.99999999999999	47.0	45.00000000000001	41.0	47.0	42.99999999999999	17.000000000000004	15.999999999999998	15.0	13.000000000000002	22.000000000000004	11.000000000000002	6.0	4.999999999999999	4.999999999999999
EC-19E	54321.99999999998	1039.9999999999998	55362.000000000015	69909.0	27797.0	25420.0	149.0	126.00000000000004	117.99999999999996	110.99999999999999	91.99999999999999	85.00000000000003	49.0	70.99999999999999	53.0	29.999999999999996	50.00000000000001	36.99999999999999	34.99999999999999	34.0	33.0	8.999999999999998	22.999999999999996
EC-19F	48966.00000000001	621.0	49586.99999999999	62688.99999999999	22894.000000000004	25337.0	100.99999999999997	90.99999999999999	71.0	80.99999999999997	70.00000000000001	44.99999999999999	55.99999999999999	57.99999999999999	28.999999999999996	19.999999999999996	19.999999999999996	17.999999999999993	23.000000000000007	19.0	9.999999999999998	12.000000000000002	11.0
EC-19G	58074.99999999999	663.9999999999995	58739.0	74436.00000000001	29431.00000000001	27874.0	92.99999999999999	91.0	114.99999999999999	56.0	57.0	71.0	56.0	55.00000000000001	29.999999999999993	29.0	23.000000000000004	27.0	19.99999999999999	18.000000000000004	7.0	12.000000000000002	9.999999999999995
EC-19H	64981.000000000015	966.0000000000001	65947.00000000003	83147.00000000001	32766.00000000002	31271.999999999993	105.00000000000003	122.00000000000001	105.99999999999996	68.99999999999999	92.00000000000003	94.99999999999997	63.0	66.0	53.999999999999986	33.0	34.0	21.0	28.999999999999996	22.000000000000004	13.000000000000007	6.999999999999999	12.0
EC-19I	49507.00000000003	873.9999999999998	50381.00000000001	65208.99999999999	28725.00000000001	19725.0	96.99999999999999	106.99999999999997	141.00000000000003	122.99999999999999	100.99999999999999	79.99999999999999	62.0	78.99999999999997	41.0	43.999999999999986	46.000000000000014	32.99999999999999	36.00000000000001	18.000000000000004	16.999999999999996	21.999999999999993	9.999999999999998
EC-19P	26259	424	26683	27142	13031	13115	6	11	7	4	3	13	24	9	8	3	0	4	4	6	3	2	6
EC-20	281116.0000000001	3448.9999999999995	284564.99999999994	356146.00000000023	105275.99999999997	172745.0	567.0	507.9999999999997	274.99999999999994	222.99999999999991	236.9999999999999	213.99999999999991	239.99999999999986	209.99999999999997	157.99999999999994	43.0	77.00000000000004	89.99999999999999	65.00000000000003	66.0	51.0	42.99999999999999	27.999999999999982
EC-20A	62565.00000000002	774.9999999999998	63339.99999999998	83003.00000000003	23703.999999999993	37987.00000000001	139.99999999999997	137.99999999999994	87.0	60.99999999999999	80.99999999999997	62.00000000000003	72.00000000000003	60.99999999999999	46.00000000000001	13.999999999999996	19.000000000000007	27.999999999999993	16.000000000000007	17.000000000000004	13.999999999999996	10.999999999999996	6.999999999999998
EC-20B	81715.99999999999	1113.000000000001	82829.00000000003	107677.99999999999	30381.000000000007	50408.0	178.99999999999997	150.00000000000003	92.99999999999996	78.00000000000004	54.00000000000001	62.00000000000001	41.000000000000014	67.99999999999999	46.00000000000003	16.999999999999996	33.00000000000001	21.999999999999996	17.999999999999993	24.000000000000014	15.999999999999998	13.999999999999998	12.000000000000007
EC-20C	120987.99999999999	1348.9999999999998	122336.99999999999	149116.00000000003	43678.0	76068.99999999997	240.99999999999997	209.99999999999997	88.99999999999999	79.99999999999997	98.00000000000001	87.99999999999999	119.99999999999999	76.99999999999999	64.99999999999997	12.000000000000002	25.000000000000004	38.0	29.000000000000004	24.000000000000004	21.000000000000004	14.999999999999998	8.999999999999998
EC-20P	15847	212	16059	16349	7513	8281	7	10	6	4	4	2	7	4	1	0	0	2	2	1	0	3	0
EC-21	680083.9999999997	7656.00000000001	687740.0	831711.9999999997	292513.9999999996	379052.9999999998	1379.0000000000002	1217.0	695.9999999999999	786.9999999999999	749.9999999999999	587.9999999999998	516.0000000000005	544.9999999999999	491.99999999999943	230.00000000000003	245.0000000000001	252.99999999999997	206.00000000000006	198.0	165.00000000000006	119.99999999999999	129.99999999999991
EC-21A	78443.00000000003	637.9999999999999	79081.00000000001	96170.0	32106.000000000007	45605.99999999999	140.0	91.99999999999999	58.0	64.99999999999999	58.0	41.99999999999999	49.99999999999999	52.000000000000014	44.00000000000001	22.000000000000004	16.000000000000004	26.000000000000007	18.999999999999996	18.000000000000004	16.999999999999996	4.000000000000001	8.000000000000002
EC-21B	99551.99999999999	1074.0000000000002	100626.0	121108.0	43608.00000000002	54989.0	169.0	134.0	71.0	87.00000000000001	90.00000000000003	85.00000000000001	45.999999999999986	52.0	53.0	20.999999999999993	27.0	18.999999999999996	20.999999999999993	31.0	20.999999999999993	13.999999999999998	13.999999999999998
EC-21C	69062.0	834.0000000000001	69895.99999999999	83934.00000000001	33095.0	34974.99999999999	137.00000000000003	118.0	91.0	99.00000000000003	109.00000000000001	67.00000000000001	41.99999999999999	64.00000000000001	50.99999999999999	38.0	28.0	33.00000000000001	25.999999999999996	28.0	23.0	20.999999999999996	17.0
EC-21D	86474.00000000004	1008.9999999999998	87483.00000000001	106575.0	40501.0	44797.999999999985	168.0	151.0	102.00000000000001	111.99999999999999	114.00000000000004	81.99999999999999	79.0	69.0	58.999999999999986	35.999999999999986	43.00000000000002	40.000000000000014	32.00000000000001	27.999999999999996	23.0	13.999999999999998	23.0
EC-21E	82588.99999999999	1023.0	83611.99999999999	102618.0	38365.999999999985	42939.99999999999	209.00000000000003	182.99999999999986	113.0	136.0	114.99999999999999	92.99999999999997	61.99999999999999	86.0	73.99999999999997	29.000000000000007	30.999999999999996	34.99999999999998	27.000000000000018	25.00000000000001	27.000000000000018	17.999999999999996	20.0
EC-21F	79772.00000000004	955.9999999999999	80727.99999999999	96156.00000000003	32188.0	46274.99999999997	202.00000000000003	179.0	110.0	126.00000000000001	106.99999999999999	96.0	58.000000000000014	99.0	83.0	36.99999999999999	36.99999999999999	42.999999999999986	42.999999999999986	24.0	26.0	19.000000000000007	19.999999999999996
EC-21G	52579.99999999998	511.0	53090.99999999999	62773.00000000001	19508.00000000001	32336.000000000004	137.99999999999997	127.00000000000003	44.99999999999998	54.0	55.0	48.00000000000001	51.0	43.99999999999999	42.999999999999986	20.999999999999986	31.0	21.999999999999996	15.0	13.999999999999998	9.999999999999998	9.0	9.0
EC-21H	110636.0	1285.0	111920.99999999997	140748.0	44089.00000000001	65270.00000000001	206.99999999999997	223.0	104.0	104.99999999999996	102.00000000000003	73.0	114.99999999999999	73.0	83.99999999999999	26.0	30.000000000000014	35.0	22.000000000000007	23.000000000000007	17.0	20.999999999999996	17.0
EC-21P	20976	326	21302	21630	9053	11864	9	10	2	3	0	2	13	6	1	0	2	0	1	7	1	0	2
EC-22	536771.0000000002	6515.000000000002	543286.0000000007	680414.0000000003	252532.99999999988	278129.9999999999	836.9999999999995	719.0000000000005	541.9999999999998	603.0000000000001	572.0000000000001	528.0000000000001	590.0	356.99999999999994	246.99999999999994	180.99999999999991	190.0000000000001	137.00000000000006	167.0	136.0	122.00000000000003	92.99999999999996	87.00000000000006
EC-22A	69672.0	715.0000000000003	70386.99999999999	87800.0	32163.000000000004	36838.00000000001	108.00000000000003	76.00000000000001	71.99999999999999	60.00000000000001	66.0	62.00000000000002	51.0	35.0	17.999999999999996	16.0	20.999999999999993	12.999999999999998	20.999999999999993	17.000000000000004	12.0	16.0	7.000000000000003
EC-22B	51910.999999999985	855.0000000000001	52766.0	67375.0	22699.000000000004	28608.0	79.99999999999999	58.999999999999986	57.99999999999999	55.999999999999986	46.0	65.99999999999999	75.99999999999999	32.99999999999999	27.999999999999993	15.000000000000002	19.999999999999996	9.999999999999998	13.000000000000004	9.000000000000002	13.000000000000004	13.000000000000004	9.000000000000002
EC-22C	54827.00000000003	630.0000000000002	55457.000000000015	71183.0	23852.999999999996	30451.999999999996	66.00000000000001	75.99999999999999	43.0	39.00000000000001	29.0	51.0	70.99999999999999	29.0	19.999999999999996	16.999999999999996	16.999999999999996	10.999999999999998	11.999999999999998	16.999999999999996	9.000000000000004	9.999999999999998	4.999999999999999
EC-22D	50627.99999999999	456.9999999999999	51085.0	65337.000000000015	22689.999999999996	27400.0	80.0	75.0	37.00000000000001	47.99999999999999	53.000000000000014	48.99999999999997	45.999999999999986	37.999999999999986	20.999999999999996	8.0	18.000000000000004	9.000000000000002	16.0	11.999999999999998	9.000000000000002	8.0	10.999999999999996
EC-22E	69389.00000000001	777.9999999999999	70166.99999999999	90627.00000000004	40066.00000000001	28561.0	78.99999999999996	77.00000000000001	87.0	85.0	75.0	77.00000000000001	70.99999999999997	41.0	22.000000000000004	18.0	28.0	15.999999999999993	29.999999999999993	23.000000000000007	19.999999999999996	3.9999999999999982	9.0
EC-22F	40641.00000000001	417.00000000000006	41057.999999999985	53206.999999999985	19296.999999999993	20742.0	90.99999999999997	76.99999999999999	56.0	54.0	50.999999999999986	59.00000000000002	56.99999999999999	30.999999999999996	30.0	13.0	17.999999999999996	19.000000000000004	9.999999999999998	8.999999999999998	15.999999999999996	5.999999999999999	4.999999999999999
EC-22G	58703.00000000001	808.9999999999997	59512.00000000001	74243.99999999999	26970.0	30890.000000000007	115.99999999999999	103.0	66.00000000000001	107.0	104.00000000000001	38.99999999999999	52.00000000000001	55.0	35.999999999999986	43.000000000000014	20.999999999999993	23.999999999999993	15.000000000000005	17.999999999999993	11.999999999999996	15.000000000000005	17.000000000000004
EC-22H	58581.0	576.9999999999999	59158.00000000001	73498.0	26983.999999999993	30922.0	98.00000000000003	76.00000000000001	65.0	63.99999999999999	60.00000000000001	68.0	71.0	37.0	24.0	17.0	15.000000000000002	18.0	21.99999999999999	9.0	15.000000000000002	10.0	6.0
EC-22I	53172.0	716.9999999999999	53888.99999999999	66607.0	23648.0	28741.00000000001	104.00000000000001	93.0	53.99999999999999	86.0	85.0	46.000000000000014	66.0	48.99999999999999	43.0	30.000000000000007	30.000000000000007	17.0	25.0	17.0	15.000000000000004	9.000000000000004	13.999999999999996
EC-22P	29247	560	29807	30536	14163	14976	15	7	4	4	3	11	29	9	5	4	2	0	3	5	1	2	4
LK	12123451.999999955	140924.9999999996	12264377.000000076	15585941.999999952	6217162.000000046	5768090.000000005	18173.999999999978	15725.999999999995	14379.000000000067	14351.000000000015	12436.000000000031	10617.999999999984	9940.999999999975	8839.999999999975	6874.999999999983	4277.000000000009	4260.00000000002	4046.9999999999995	3846.0000000000005	3749.99999999999	2792.9999999999936	2060.9999999999964	1826.0000000000098